Thời tiết,Nhiệt độ,Độ ẩm,Gió,Áp suất, PM2.5 , PM10 , O3 , NO2 , SO2 , CO 
Trời quang,21°C,23%,8.7 km/h,1015 mbar,93.1,289,43,75.1,12,1100
Trời quang,22°C,24%,9.4 km/h,1015 mbar,242.2,449,30,57.1,8.4,840
Nhiều mây,0°C,28%,4.5 km/h,1027 mbar,147,493,51,31,19,1450
Sương mù,22°C,53%,7.4 km/h,1017 mbar,206,346,52,38.4,10,900
Trời quang,24°C,31%,6.6 km/h,1014 mbar,95.3*,,,,,
Trời quang,24°C,24%,7.8 km/h,1017 mbar,62.2*,,,,,
Trời quang,22°C,22%,9.1 km/h,1015 mbar,145.8,293,78.6,93.5,14.4,1285
Nhiều mây,25°C,20%,13.3 km/h,1016 mbar,87,,,,,
Sương mù,17°C,42%,7.4 km/h,1020 mbar,173,,,,,
Trời quang,25°C,22%,8.5 km/h,1015 mbar,74.5,,6,,,
Trời quang,22°C,22%,9.1 km/h,1015 mbar,173.1,270,28,24.8,9.2,2295
Trời quang,22°C,23%,9.7 km/h,1015 mbar,221,407.7,,,11.2,
Trời quang,25°C,23%,8 km/h,1015 mbar,173.1,,,,7.2,
Sương mù,21°C,46%,9.3 km/h,1017 mbar,99.3,,,,,
Sương mù,24°C,69%,0 km/h,1015 mbar,105.8,177.8,102.4,12.8,10.4,600
Ít mây,25°C,25%,11.1 km/h,1015 mbar,100.7,,16,37.6,4.8,
Sương mù,22°C,53%,7.4 km/h,1017 mbar,101.6,194.3,29,26.4,12.8,1670
Nhiều mây,0°C,26%,2.5 km/h,1027 mbar,175,574,52,32,10,1050
Trời quang,25°C,27%,5 km/h,1014 mbar,73.9,193.6,20,51.4,27.2,980
Trời quang,25°C,31%,7.8 km/h,1013 mbar,173.7,314,83.7,8.8,11.2,1350
Sương mù,25°C,50%,5.5 km/h,1015 mbar,59.4,124.6,41.1,32.8,27.2,1300
Mây rải rác,25°C,23%,9.3 km/h,1016 mbar,66.2*,,,,,
Trời quang,25°C,25%,10.2 km/h,1015 mbar,71.8,168.7,,,,
Ít mây,25°C,26%,11.2 km/h,1015 mbar,132.4,204.8,,124,18.4,1270
Trời quang,24°C,27%,4 km/h,1014 mbar,68.2*,,,,,
Trời quang,23°C,26%,8.9 km/h,1013 mbar,184.9,,129.4,83,12,1300
Sương mù,27°C,57%,0 km/h,1012 mbar,53.2,,,,,
Trời quang,22°C,13%,14.9 km/h,1014 mbar,83,,,,,
Trời quang,21°C,23%,8.5 km/h,1015 mbar,103.3,173.2,,,,640
Sương mù,25°C,47%,7.4 km/h,1014 mbar,73.5,211.2,36.4,23.2,39.6,970
Nhiều mây,-17°C,94%,19.7 km/h,1046 mbar,95.3,95.2,,22.5,15.6,
Trời quang,24°C,27%,11.1 km/h,1014 mbar,86.3*,,,,,
Nhiều mây,27°C,36%,7.1 km/h,1011 mbar,47.2,,,,,
Trời quang,25°C,23%,7.9 km/h,1015 mbar,130.1,,,,5.6,
Trời quang,25°C,25%,6.6 km/h,1015 mbar,83,126.6,24,29.6,15.2,860
Ít mây,25°C,25%,10.5 km/h,1015 mbar,145.8,235,,,,
Nhiều mây,-12°C,73%,17.6 km/h,1039 mbar,0.6,1,,,,
Nhiều mây,23°C,49%,11.1 km/h,987 mbar,111.2,210.9,,,9.6,
Nhiều mây,21°C,25%,10.7 km/h,1015 mbar,135.3,378.9,,,,
Nhiều mây,-11°C,70%,19.9 km/h,1038 mbar,45.1,45.2,,6.2,,
Trời quang,27°C,19%,13.2 km/h,1014 mbar,105.1,,,,9.6,
Trời quang,-21°C,77%,7.2 km/h,1038 mbar,0.2,0.2,,,,
Trời quang,24°C,26%,10.3 km/h,1014 mbar,149.7,,,,13.6,
Trời quang,29°C,21%,13 km/h,1011 mbar,86.5,,,,,
Nhiều mây,4°C,50%,1.3 km/h,1026 mbar,67.7,,0,40.4,7,
Nhiều mây,25°C,24%,12.3 km/h,1015 mbar,94.8,140.1,10,12.8,4.8,
Ít mây,25°C,21%,9.2 km/h,1015 mbar,77.7,,,,6.4,
Trời quang,25°C,24%,8.5 km/h,1014 mbar,83.3*,,,,,
Sương mù,-4°C,100%,3.6 km/h,1032 mbar,78.5,98.5,,,,
Trời quang,25°C,22%,6 km/h,1015 mbar,94.8,,6,,6.4,
Nhiều mây,24°C,22%,11.3 km/h,1012 mbar,160.1,,,,14.9,
Sương mù,1°C,87%,3.6 km/h,1029 mbar,30,,,,,
Sương mù,25°C,53%,14.8 km/h,1013 mbar,108.4,176.3,87.8,32.4,14.4,640
Trời quang,1°C,69%,28.8 km/h,1034 mbar,57.9,98.9,,,,
Nhiều mây,24°C,28%,8.8 km/h,1016 mbar,97.7,,21,,3.2,
Mây rải rác,25°C,26%,11.6 km/h,1015 mbar,85,147.7,,,,
Sương mù,23°C,60%,5.5 km/h,1014 mbar,191.4,273,37,13.6,14,
Sương mù,26°C,53%,13 km/h,1012 mbar,92.7,191.1,95,34.9,22.6,0
Nhiều mây,25°C,26%,12 km/h,1015 mbar,221.3,,5,9.6,14.4,
Nhiều mây,25°C,20%,8.5 km/h,1016 mbar,75.4,,,,24,
Trời quang,24°C,27%,11.6 km/h,1015 mbar,81.2,,,,,
Sương mù,23°C,41%,5.5 km/h,1018 mbar,39,112.3,,,16.8,730
Sương mù,30°C,27%,9.3 km/h,1010 mbar,60.2*,,,,,
Trời quang,27°C,18%,7.8 km/h,1014 mbar,45.2,89,,14.4,23.2,
Tuyết,-6°C,91%,15.9 km/h,1043 mbar,16,30,60,12,4,400
Nhiều mây,4°C,12%,9.4 km/h,1029 mbar,10,33.5,69,13,8,400
Sương mù,27°C,39%,22.2 km/h,1013 mbar,57.6,129.3,44.9,64.7,4,0
Sương mù,19°C,73%,3.7 km/h,1018 mbar,86.2,120.6,50,66.9,34.4,680
Nhiều mây,25°C,26%,12.6 km/h,1015 mbar,86.5,177.8,,,11.2,
Trời quang,25°C,23%,8.2 km/h,1015 mbar,135.3,153.7,,,8.8,
Sương mù,25°C,65%,0 km/h,1012 mbar,70.1,99,32,2.4,12.8,300
Ít mây,5°C,15%,27.8 km/h,1029 mbar,5,34,77,12,6,200
Trời quang,29°C,51%,4.3 km/h,1008 mbar,12,,,,,
Trời quang,24°C,29%,9.3 km/h,1015 mbar,201.8,,,,,
Trời quang,26°C,79%,7 km/h,1012 mbar,39,,,,,
Trời quang,6°C,16%,21.7 km/h,1028 mbar,8,38,71,19,5.5,350
Ít mây,19°C,54%,10.7 km/h,1018 mbar,158.5,,,,,
Trời quang,0°C,36%,4.3 km/h,1029 mbar,123,304.5,48,28,5.5,1400
Ít mây,19°C,45%,3.7 km/h,1019 mbar,44,,,,,
Trời quang,6°C,15%,21.8 km/h,1029 mbar,10.5,39,73,13,6,300
Trời quang,12°C,26%,27.2 km/h,1025 mbar,127,174,77,31,12.5,1250
Trời quang,21°C,60%,25.9 km/h,1018 mbar,20.1*,,,,,
Tuyết,-7°C,93%,15.6 km/h,1042 mbar,32.5,43,54.5,32.5,12.5,900
Nhiều mây,-7°C,65%,27.1 km/h,1027 mbar,14,,,60,50,40
Mây rải rác,8°C,24%,27.5 km/h,1027 mbar,129,176,70,23,6,900
Nhiều mây,23°C,27%,12.6 km/h,1015 mbar,84.1,162.7,32,,,
Trời quang,13°C,77%,20.4 km/h,1021 mbar,95.5,,,,,
Nhiều mây,0°C,34%,3.6 km/h,1033 mbar,77,193.5,63,32.5,9,1500
Nhiều mây,2°C,40%,31 km/h,1026 mbar,17,80,59,24,5,550
Mây rải rác,6°C,14%,28.3 km/h,1028 mbar,35,84,69.5,18,1,450
Trời quang,5°C,13%,26 km/h,1030 mbar,22.5,93,67,17,14,500
Nhiều mây,25°C,24%,11.6 km/h,1015 mbar,70.7,,,,7.2,
Trời quang,-10°C,66%,5.9 km/h,1041 mbar,32.3,,,,,
Nhiều mây,5°C,23%,29.5 km/h,1027 mbar,17,65.5,66,17,11,400
Sương mù,24°C,36%,5.5 km/h,1016 mbar,70.7,,,13.6,16,
Nhiều mây,7°C,15%,24.2 km/h,1028 mbar,30,96,69.5,6,4,500
Nhiều mây,9°C,32%,26.6 km/h,1025 mbar,144,205,60,39,10,1350
Trời quang,11°C,78%,7.7 km/h,1016 mbar,3,,,,,
Nhiều mây,4°C,18%,24.2 km/h,1029 mbar,5,47,77,12,6,400
Trời quang,22°C,29%,10.7 km/h,1016 mbar,51,,,,,
Nhiều mây,27°C,35%,8.9 km/h,1011 mbar,96,,,,,
Mây rải rác,7°C,17%,15.8 km/h,1028 mbar,14,59.5,61.5,20,7,400
Ít mây,9°C,21%,6.6 km/h,1027 mbar,46,118,53,23,8,1000
Ít mây,10°C,23%,31.6 km/h,1026 mbar,92,173,60,32,11,950
Trời quang,8°C,24%,22.5 km/h,1027 mbar,98.5,175.5,62,30,6.5,1100
Sương mù,24°C,65%,0 km/h,1012 mbar,89.7,150.7,17,1.6,20,660
Trời quang,30°C,37%,5.1 km/h,1009 mbar,5,,,,,
Trời quang,14°C,41%,22.1 km/h,1022 mbar,72.5,90.5,103,29,7.5,700
Sương mù,23°C,49%,0 km/h,1015 mbar,194,286.3,92.9,16,9.6,2420
Nhiều mây,10°C,97%,7.5 km/h,1007 mbar,89.4,91.7,2.2,19.5,5.6,
Mây rải rác,5°C,13%,15.9 km/h,1030 mbar,4,18,78,11,5,300
Sương mù,30°C,27%,9.3 km/h,1010 mbar,66.6,179.3,26,66.1,24,1335
Nhiều mây,0°C,17%,11.7 km/h,1031 mbar,9,26,69,19,6,400
Mây rải rác,27°C,40%,10.2 km/h,1011 mbar,64.2*,,,,,
Nhiều mây,12°C,92%,7.3 km/h,1003 mbar,5.1*,,,,,
Nhiều mây,0°C,16%,11.2 km/h,1030 mbar,10.5,21,81,16.5,7.5,400
Sương mù,28°C,24%,20.4 km/h,1014 mbar,110.5,,,,,
Nhiều mây,7°C,19%,28.4 km/h,1027 mbar,79.5,132.5,66,20,,600
Trời quang,10°C,21%,14.8 km/h,1028 mbar,26,158,70,20,7,350
Nhiều mây,5°C,14%,17.4 km/h,1029 mbar,5,42,69,18,6,300
Trời quang,14°C,43%,24.2 km/h,1022 mbar,97,86,29,8,3,
Trời quang,14°C,29%,30.4 km/h,1023 mbar,84,134,113,17,14,800
Nhiều mây,27°C,27%,10.8 km/h,1012 mbar,92.3*,,,,,
Sương mù,25°C,36%,5.5 km/h,1016 mbar,33.4,,,,22.4,
Trời quang,4°C,16%,9.4 km/h,1030 mbar,5,12.5,78,13,6,200
Sương mù,-9°C,86%,7.2 km/h,1037 mbar,26.5,50,47,27.5,6,600
Trời quang,2°C,21%,12.7 km/h,1028 mbar,4,11.5,71,4,8.5,250
Trời quang,7°C,20%,13.2 km/h,1029 mbar,31.5,104.5,78.5,16,8,551
Nhiều mây,8°C,21%,24.7 km/h,1028 mbar,107.5,158,63,21.5,8,900
Sương mù,-10°C,79%,7.2 km/h,1040 mbar,4.2,5,,0.6,41.5,15.7
Nhiều mây,9°C,22%,7.6 km/h,1027 mbar,84,152.5,55,37.5,12.5,900
Nhiều mây,-1°C,20%,14.6 km/h,1032 mbar,3,34,71,14,6,300
Nhiều mây,25°C,23%,8.8 km/h,1016 mbar,31.5,39.2,,14.9,5.4,865
Trời quang,4°C,13%,12.1 km/h,1030 mbar,4,10,76,16,5,300
Nhiều mây,8°C,26%,26.8 km/h,1027 mbar,128,172,65.5,27,6,900
Nhiều mây,6°C,29%,25.9 km/h,1025 mbar,84,149,71.5,41.5,15,900
Nhiều mây,9°C,53%,23 km/h,1025 mbar,221,314,80.5,34.5,10.5,1700
Nhiều mây,7°C,33%,24.4 km/h,1024 mbar,89,132,79,30,10.5,1050
Trời quang,25°C,21%,15.6 km/h,1013 mbar,69.5,,,,,
Nhiều mây,15°C,45%,5.7 km/h,1020 mbar,138.5,170,25.5,48.5,8.5,800
Sương mù,25°C,78%,14.8 km/h,1010 mbar,57,,,,25.6,
Nhiều mây,7°C,46%,7.3 km/h,1025 mbar,22.1*,,,,,
Nhiều mây,6°C,15%,18 km/h,1029 mbar,4.5,50,71,15.5,7.5,300
Trời quang,3°C,16%,22.1 km/h,1029 mbar,4,36,77,15,6.5,350
Nhiều mây,3°C,26%,24.8 km/h,1028 mbar,17,68,61.5,19,6.5,500
Trời quang,23°C,31%,26.6 km/h,1015 mbar,17.1*,,,,,
Nhiều mây,6°C,16%,18.6 km/h,1029 mbar,4,42,72,16.5,8,300
Mây rải rác,0°C,28%,4.1 km/h,1027 mbar,136.5,436.5,61.5,10,13,900
Trời quang,25°C,23%,12.2 km/h,1015 mbar,64.2,86,40,21.6,20,
Nhiều mây,25°C,23%,14.5 km/h,1014 mbar,58.9,132.1,67.9,30.4,32.1,720
Trời quang,-7°C,68%,3.6 km/h,1035 mbar,54.2,69.9,,,,
Nhiều mây,7°C,24%,12.6 km/h,1028 mbar,53.5,107.5,56,26,7,750
Nhiều mây,14°C,49%,3.9 km/h,1020 mbar,86,102,26,36,12,800
Trời quang,4°C,60%,4.5 km/h,1027 mbar,21,91,50,20,6,0.4
Ít mây,4°C,15%,26.5 km/h,1029 mbar,4,39,75,16,5,200
Trời quang,4°C,32%,24.2 km/h,1028 mbar,14,75,59,24,7,300
Trời quang,2°C,20%,27.1 km/h,1030 mbar,3,12,63,8,6,300
Trời quang,15°C,44%,20 km/h,1020 mbar,64,85,85,33,10,600
Trời quang,2°C,20%,27.5 km/h,1029 mbar,2,9,75,3,6,200
Ít mây,28°C,35%,7 km/h,1012 mbar,124.9,135.6,,,,
Nhiều mây,8°C,35%,24.1 km/h,1027 mbar,112,209,76,29,7,900
Trời quang,25°C,21%,18.4 km/h,1013 mbar,47.6,,,,,
Trời quang,25°C,23%,6.5 km/h,1014 mbar,70,137.1,48,44.9,12.8,
Sương mù,10°C,100%,7.4 km/h,1001 mbar,51.2,,,,,
Nhiều mây,6°C,31%,25.1 km/h,1026 mbar,70.5,126.5,,,,900
Sương mù,-4°C,80%,7.4 km/h,1034 mbar,67.5,75.4,16.3,,3.9,970.8
Trời quang,3°C,25%,11.8 km/h,1028 mbar,23,78,66,14,10,400
Trời quang,4°C,14%,16.8 km/h,1030 mbar,4,21,76,19,4,200
Trời quang,3°C,17%,14 km/h,1030 mbar,5,18,72.5,16.5,7.5,200
Trời quang,4°C,50%,22.8 km/h,1028 mbar,13,63,67,21,11,600
Sương mù,25°C,33%,5.5 km/h,1014 mbar,71.8,,,,,
Sương mù,24°C,41%,7.4 km/h,1014 mbar,87.7,,,,9.6,
Nhiều mây,5°C,24%,27.9 km/h,1027 mbar,31.5,123,61,17,10,600
Mây rải rác,4°C,25%,22.7 km/h,1028 mbar,17.5,56,69.5,16,9,400
Trời quang,27°C,33%,10.4 km/h,1011 mbar,53.8,,,,,
Trời quang,15°C,48%,16.6 km/h,1020 mbar,51.5,60,97,22,6,650
Mưa,10°C,98%,5.1 km/h,1000 mbar,53.1,,,,,
Nhiều mây,9°C,35%,28.9 km/h,1025 mbar,168,261,68,28,8,1100
Nhiều mây,10°C,60%,22.2 km/h,1024 mbar,143,188,80,25.5,7,800
Nhiều mây,27°C,20%,8.4 km/h,1010 mbar,66.9,100.5,75,27.2,,1508.3
Nhiều mây,24°C,46%,6.8 km/h,1015 mbar,12.1*,,,,,
Trời quang,2°C,21%,20.3 km/h,1030 mbar,4,26.5,72,16,9,200
Mây rải rác,-1°C,40%,9 km/h,1030 mbar,47.5,188,45,34,16.5,600
Nhiều mây,9°C,51%,25.2 km/h,1024 mbar,185.5,236.5,66.5,39.5,5,1450
Mây rải rác,3°C,22%,18.9 km/h,1029 mbar,7,54,65,17.5,6,300
Nhiều mây,4°C,14%,22.1 km/h,1029 mbar,6.5,34.5,68,21,4.5,300
Tuyết,-6°C,92%,7.9 km/h,1042 mbar,37,46,70,10,5.5,500
Trời quang,-1°C,31%,14.9 km/h,1028 mbar,7,27,72.5,7,6,450
Sương mù,5°C,61%,3.7 km/h,1023 mbar,19.1*,,,,,
Trời quang,4°C,43%,18.3 km/h,1028 mbar,17,70,62,14,9,500
Nhiều mây,17°C,68%,7 km/h,1004 mbar,,,11.6,,,
Nhiều mây,13°C,82%,9.6 km/h,1004 mbar,40,,,,,
Nhiều mây,6°C,15%,28.2 km/h,1028 mbar,47,100,71,21,7,
Trời quang,6°C,21%,13 km/h,1029 mbar,18.5,86,70,20,9,459
Nhiều mây,5°C,16%,28.8 km/h,1028 mbar,41,97,59.5,17,9,500
Ít mây,19°C,55%,10.3 km/h,1017 mbar,55,,,,,
Trời quang,7°C,19%,16.5 km/h,1028 mbar,26,98,,,11,
Nhiều mây,16°C,77%,4.4 km/h,1015 mbar,40.2,48.8,,1.1,2.9,
Nhiều mây,27°C,16%,16.1 km/h,1011 mbar,33.2*,,,,,
Trời quang,14°C,41%,23.9 km/h,1022 mbar,76,69.5,5.5,33.5,3,9500
Nhiều mây,0°C,88%,5.1 km/h,1007 mbar,11.1*,,,,,
Tuyết,0°C,92%,3.6 km/h,1005 mbar,18,24,1,,,
Nhiều mây,-3°C,99%,6.3 km/h,1011 mbar,6.1,7,,,,
Nhiều mây,-2°C,84%,0 km/h,1009 mbar,21,26,,,,
Trời quang,15°C,42%,2.5 km/h,1014 mbar,8,14,,15,,
Trời quang,14°C,67%,8.1 km/h,1015 mbar,13,11.5,,20.7,2.6,343.5
Nhiều mây,11°C,72%,4.7 km/h,1016 mbar,14,19,,,2.6,
Trời quang,14°C,54%,1.6 km/h,1014 mbar,14,10,,9.4,2.6,
Trời quang,14°C,54%,1.6 km/h,1014 mbar,12.5,,,18.8,,
Trời quang,16°C,49%,2.2 km/h,1014 mbar,12,13,,9.4,2.6,
Trời quang,15°C,49%,2.7 km/h,1015 mbar,8.5,,,5.6,3.9,
Trời quang,16°C,49%,1.7 km/h,1015 mbar,12,12.5,,20.7,,343.5
Trời quang,14°C,53%,3.5 km/h,1015 mbar,16,,,,,
Trời quang,15°C,47%,3.6 km/h,1015 mbar,11,14,,,7.9,
Trời quang,11°C,76%,2.7 km/h,1015 mbar,9,,,,,
Trời quang,14°C,30%,4.8 km/h,1010 mbar,15,6,,22.6,,
Trời quang,13°C,59%,5.2 km/h,1015 mbar,14,19,,7.5,,
Sương mù,-1°C,94%,9.3 km/h,1008 mbar,26,28.8,30.3,17.4,,
Nhiều mây,-1°C,92%,11.9 km/h,1009 mbar,21.3,20,,,,
Sương mù,7°C,96%,7.4 km/h,1007 mbar,5,7,38,12,1,
Trời quang,-2°C,39%,0 km/h,1019 mbar,1.5,,,,,
Nhiều mây,7°C,81%,2.5 km/h,1019 mbar,6.2,,,,,
Trời quang,10°C,90%,0 km/h,1020 mbar,5.8,,,,,
Nhiều mây,10°C,76%,20.4 km/h,1014 mbar,5.1,,,,,
Nhiều mây,10°C,80%,7.4 km/h,1015 mbar,14,,,,,
Mây rải rác,0°C,89%,8.1 km/h,1022 mbar,10.7,,,,,
Sương mù,2°C,94%,9.3 km/h,1022 mbar,11.5,,,,,
Trời quang,5°C,69%,1.6 km/h,1019 mbar,26.8,,,,,
Nhiều mây,10°C,78%,25.9 km/h,1015 mbar,9.9,,,,,
Mây rải rác,9°C,86%,2.2 km/h,1020 mbar,5.1,,,,,
Trời quang,0°C,39%,13 km/h,1018 mbar,0,,,,,
Trời quang,0°C,61%,6.4 km/h,1027 mbar,1.9,,,,,
Nhiều mây,14°C,93%,9.3 km/h,1019 mbar,13.6,,,,,
Nhiều mây,6°C,83%,5.9 km/h,1022 mbar,12,,,,,
Sương mù,1°C,91%,5.5 km/h,1021 mbar,19,21,12,,,
Trời quang,-2°C,59%,7.4 km/h,1026 mbar,1.3,,,,,
Nhiều mây,-3°C,75%,33.6 km/h,1016 mbar,22,,,,,
Trời quang,-4°C,63%,17.7 km/h,1029 mbar,2.7,,,,,
Trời quang,1°C,61%,14.8 km/h,1026 mbar,4.1*,,,,,
Nhiều mây,5°C,96%,2.6 km/h,1025 mbar,0.1,,,,,
Nhiều mây,10°C,94%,9.3 km/h,1021 mbar,12.1*,,,,,
Sương mù,2°C,99%,5.5 km/h,1022 mbar,12.1*,,,,0.5*,
Nhiều mây,-3°C,86%,4.4 km/h,1028 mbar,12.1*,,,,,
Nhiều mây,0°C,80%,11.3 km/h,1025 mbar,7.1*,,,,,
Nhiều mây,8°C,88%,13 km/h,1022 mbar,7.1*,,,,,
Sương mù,17°C,92%,13 km/h,1016 mbar,30.4,,,,,
Nhiều mây,2°C,86%,6 km/h,1002 mbar,10,,,,,
Trời quang,-12°C,76%,11.3 km/h,1013 mbar,14.9,,,,,
Trời quang,-15°C,80%,10.2 km/h,1040 mbar,2.1*,,,,,
Trời quang,-8°C,79%,9.3 km/h,1032 mbar,2.4,,,,,
Nhiều mây,-3°C,69%,42.6 km/h,1029 mbar,2.8,,45,16.5,0.5,
Mây rải rác,-7°C,87%,4.8 km/h,1013 mbar,2,,,3.8,0,0
Trời quang,8°C,7%,8.7 km/h,1008 mbar,6,15,89,3,3,400
Nhiều mây,0°C,94%,6.3 km/h,1011 mbar,8.7,,,,,
Mưa,12°C,94%,5.5 km/h,997 mbar,6.2,10.5,32.4,1.5,2.8,
Nhiều mây,0°C,89%,9.3 km/h,994 mbar,6.1*,,,,,
Nhiều mây,0°C,83%,5.4 km/h,1009 mbar,20,,,,,
Mưa rào,1°C,86%,5.5 km/h,1004 mbar,21,26,,,,
Nhiều mây,0°C,94%,8.1 km/h,1008 mbar,14.1*,,,,,
Nhiều mây,0°C,89%,6.4 km/h,1008 mbar,21.2,,,,,
Nhiều mây,-1°C,97%,6.1 km/h,1016 mbar,8.7,10.3,,3.7,1.5,
Nhiều mây,0°C,87%,3.2 km/h,1013 mbar,,,,6,,
Nhiều mây,-1°C,95%,5.7 km/h,1010 mbar,5.1,5.9,,2,,
Trời quang,0°C,73%,3.2 km/h,1009 mbar,26.7,27.6,,18.8,,
Nhiều mây,0°C,60%,7.4 km/h,1015 mbar,4.1*,,,,,
Trời quang,16°C,62%,5 km/h,1014 mbar,12,18,,3.8,7.9,
Trời quang,15°C,54%,2.4 km/h,1015 mbar,8,12,,13.2,2.6,
Trời quang,12°C,52%,1.4 km/h,1016 mbar,11,12,,15,5.2,
Trời quang,14°C,42%,7.3 km/h,1015 mbar,8,12,,11.3,,
Trời quang,13°C,65%,5.5 km/h,1015 mbar,12,,,,,
Trời quang,13°C,57%,7.4 km/h,1015 mbar,11,12,,50.8,,
Trời quang,11°C,58%,6.2 km/h,1016 mbar,11,12,,,5.2,
Mây rải rác,10°C,69%,4.8 km/h,1016 mbar,20,21,,5.6,,
Trời quang,14°C,55%,9 km/h,1015 mbar,12,10,,15,5.2,
Nhiều mây,12°C,93%,4.2 km/h,1007 mbar,3,,,,,
Nhiều mây,10°C,78%,17.3 km/h,1007 mbar,,,,35.8,,
Nhiều mây,10°C,92%,9.4 km/h,1010 mbar,3.1*,,,,,
Nhiều mây,19°C,96%,9.3 km/h,1018 mbar,4,9,,5,3,
Ít mây,-6°C,85%,8.1 km/h,1011 mbar,7.5,,,,,
Nhiều mây,8°C,75%,3.4 km/h,1022 mbar,20.6,69.9,0,,5.3,
Sương mù,0°C,99%,5.5 km/h,1007 mbar,15.8,9.1,,,0.5,
Trời quang,8°C,61%,7.4 km/h,1019 mbar,13,23.8,,,,
Mây rải rác,5°C,71%,29 km/h,1017 mbar,3.4,,,,,
Trời quang,11°C,84%,7.4 km/h,1021 mbar,22.5,,,,,
Nhiều mây,7°C,78%,3.3 km/h,1020 mbar,18.3,,,,,
Nhiều mây,10°C,75%,20.4 km/h,1015 mbar,8.9,,,,,
Nhiều mây,9°C,75%,9.3 km/h,1015 mbar,19.2,,0,,,
Trời quang,-3°C,74%,9.3 km/h,1023 mbar,22.9,,,,,
Trời quang,-7°C,56%,3.2 km/h,1018 mbar,0.1,,,,,
Nhiều mây,15°C,28%,11.3 km/h,1000 mbar,,,84,,,
Trời quang,-2°C,67%,5.5 km/h,1020 mbar,4,5,,,,
Trời quang,-1°C,40%,6.4 km/h,1016 mbar,0,,,,,
Sương mù,19°C,89%,7.4 km/h,1019 mbar,16.3,,,,,
Trời quang,0°C,81%,5.5 km/h,1025 mbar,13.7,,,,,
Trời quang,-2°C,61%,14.8 km/h,1026 mbar,2.5,,,,,
Nhiều mây,0°C,85%,11.1 km/h,1026 mbar,8.9,,,,,
Trời quang,-1°C,60%,9.8 km/h,1024 mbar,5.1*,,,,,
Nhiều mây,-1°C,81%,22.2 km/h,1026 mbar,6.7,,,,,
Trời quang,-6°C,82%,16.7 km/h,1030 mbar,3.3,,,,,
Trời quang,-5°C,92%,0 km/h,1030 mbar,2.8,,,,,
Nhiều mây,11°C,99%,1.6 km/h,1020 mbar,4.9,,,,,
Nhiều mây,5°C,95%,2.8 km/h,1021 mbar,4.1*,,,,,
Nhiều mây,8°C,80%,13 km/h,1022 mbar,7,12.2,,,,
Nhiều mây,1°C,93%,13 km/h,1024 mbar,10.8,,,,,
Trời quang,-1°C,65%,9.3 km/h,1026 mbar,7.8,,,18.8,0,
Nhiều mây,18°C,98%,7.8 km/h,1018 mbar,11.7,,14,,,
Mây rải rác,-1°C,77%,24.2 km/h,1017 mbar,14.1,,,,,
Trời quang,0°C,72%,11.1 km/h,1027 mbar,26.5,,0,,,
Trời quang,5°C,73%,13 km/h,1024 mbar,4.5,,,,,
Nhiều mây,0°C,86%,11.1 km/h,1026 mbar,6.1,,,,,
Nhiều mây,-2°C,98%,7.4 km/h,1009 mbar,23.1*,,,,,
Nhiều mây,22°C,96%,4.2 km/h,1008 mbar,8.1*,,,,,
Trời quang,-9°C,72%,21 km/h,1035 mbar,4,,,3.2,0,
Nhiều mây,-1°C,93%,3.7 km/h,1011 mbar,3.1*,,,,,
Ít mây,0°C,94%,7.1 km/h,1012 mbar,13.1*,,,,,
Sương mù,0°C,98%,7.4 km/h,1009 mbar,6.1*,,,,,
Nhiều mây,0°C,94%,6.5 km/h,1011 mbar,5.1*,,,,,
Nhiều mây,4°C,95%,13.8 km/h,1000 mbar,21.1*,,,,,
Tuyết,0°C,88%,13 km/h,1009 mbar,16,,,,,
Nhiều mây,-2°C,88%,5.9 km/h,1008 mbar,15.1*,,,,,
Nhiều mây,0°C,88%,5.3 km/h,1007 mbar,10.1*,,,,,
Nhiều mây,-1°C,95%,4.5 km/h,1010 mbar,7.5,12.6,31.7,14.5,,
Nhiều mây,-1°C,87%,7.4 km/h,1009 mbar,17,19.5,,15,,
Nhiều mây,-1°C,89%,7.7 km/h,1011 mbar,13.3,16,,,8,
Nhiều mây,-1°C,93%,4.6 km/h,1007 mbar,21.5,32,,20.5,,
Trời quang,-1°C,96%,2.9 km/h,1012 mbar,11,15,,,,
Ít mây,0°C,86%,13 km/h,1010 mbar,31.1,11.7,,29.5,,
Nhiều mây,15°C,78%,9.1 km/h,1002 mbar,5.1*,,,,,
Nhiều mây,9°C,93%,1.6 km/h,997 mbar,2.5,,,,,
Nhiều mây,14°C,74%,1.6 km/h,995 mbar,5.1*,,,,,
Trời quang,14°C,49%,2.6 km/h,1014 mbar,9*,,,30.1*,,
Trời quang,13°C,43%,4.3 km/h,1015 mbar,12.1*,,,,,
Mây rải rác,13°C,54%,6.4 km/h,1016 mbar,6,12,,4.7,2.6,
Trời quang,17°C,64%,11.1 km/h,1014 mbar,22,,,,,
Mây rải rác,6°C,84%,8.2 km/h,1018 mbar,8,9,,3.8,,
Trời quang,13°C,68%,4.1 km/h,1015 mbar,9,10,,,2.6,
Trời quang,11°C,75%,6.2 km/h,1016 mbar,6.5,5.5,,14.1,2.6,229
Trời quang,12°C,40%,4.4 km/h,1016 mbar,6,8,,7.5,,343.5
Trời quang,15°C,64%,5.3 km/h,1016 mbar,14,13,,15,7.9,
Nhiều mây,-9°C,100%,8.6 km/h,1013 mbar,45.3,45.8,,,4,
Nhiều mây,-2°C,86%,18.5 km/h,1007 mbar,20.5,25,,22.5,1.3,
Nhiều mây,-2°C,92%,6.4 km/h,1006 mbar,24.3,,,,,
Trời quang,17°C,82%,19.3 km/h,1007 mbar,1.8,7.4,,,0.4,
Mây rải rác,12°C,93%,9.3 km/h,1012 mbar,7*,,,20*,1*,
Ít mây,5°C,75%,9.3 km/h,1015 mbar,10,13,,5,2,
Nhiều mây,2°C,85%,4.9 km/h,1014 mbar,1,,,,1,
Mây rải rác,1°C,93%,3.2 km/h,1010 mbar,4.5,2,,,1,
Nhiều mây,10°C,79%,32.2 km/h,1015 mbar,4.5,,,,,
Trời quang,0°C,70%,13 km/h,1017 mbar,2.7,27.5,,,,
Nhiều mây,10°C,80%,7.4 km/h,1015 mbar,21.8,,,,,
Nhiều mây,9°C,79%,7.5 km/h,1015 mbar,9.4,,,,,
Nhiều mây,10°C,81%,8.1 km/h,1021 mbar,1.9,,,,,
Mây rải rác,11°C,90%,4.8 km/h,1019 mbar,3.3,,,,,
Mây rải rác,6°C,79%,2.1 km/h,1020 mbar,7,,,,,
Nhiều mây,17°C,96%,11.1 km/h,1019 mbar,11.7,,,,3.1,
Nhiều mây,0°C,96%,11.1 km/h,1024 mbar,9.2,,,,,
Sương mù,18°C,89%,7.4 km/h,1020 mbar,23.8,,,,,
Trời quang,17°C,96%,7.3 km/h,1019 mbar,6.6,,34,,,
Nhiều mây,-1°C,56%,11.1 km/h,1026 mbar,2,,,,,
Nhiều mây,0°C,75%,17.7 km/h,1026 mbar,3.4,,,,,
Nhiều mây,0°C,88%,11.1 km/h,1025 mbar,7.9,,,,,
Trời quang,-3°C,67%,14.8 km/h,1028 mbar,1.2,,,,,
Mưa,7°C,94%,9.3 km/h,1018 mbar,12.5,,,,,
Nhiều mây,9°C,69%,27.8 km/h,996 mbar,0.2,,,,,
Trời quang,-1°C,71%,7.4 km/h,1025 mbar,10.1*,,,,,
Nhiều mây,7°C,84%,27.4 km/h,996 mbar,4.7,,,,,
Nhiều mây,20°C,86%,14.8 km/h,1016 mbar,9.9,,,,,
Mây rải rác,-11°C,85%,11.3 km/h,1029 mbar,2.2,,,,,
Nhiều mây,0°C,65%,14.4 km/h,1024 mbar,7.9,,,,,
Tuyết,0°C,94%,4.5 km/h,1006 mbar,14,16,,16,1,
Trời quang,-18°C,98%,4.9 km/h,1016 mbar,23.6,,2,35.7,0,
Trời quang,11°C,15%,7.2 km/h,1004 mbar,9,20,70,4,8,500
Nhiều mây,2°C,92%,25.9 km/h,1006 mbar,6.1*,,,,,
Nhiều mây,-2°C,93%,14.8 km/h,1008 mbar,10,13.1,49.1,8.5,,
Tuyết,0°C,93%,18.5 km/h,1007 mbar,10.1,10.7,,,,
Ít mây,-2°C,90%,8.5 km/h,1010 mbar,8.1*,,,,,
Nhiều mây,0°C,80%,5.5 km/h,1010 mbar,3.1*,,,,,
Nhiều mây,0°C,89%,6.3 km/h,1011 mbar,11.1*,,,,,
Nhiều mây,1°C,92%,9.3 km/h,1010 mbar,8.2,,,,,
Nhiều mây,0°C,90%,11.1 km/h,1012 mbar,5.1*,,,,,
Nhiều mây,-2°C,86%,13 km/h,1009 mbar,3.1*,,,,,
Nhiều mây,0°C,100%,7.4 km/h,1013 mbar,5.1*,,,,,
Sương mù,-4°C,93%,3.7 km/h,1013 mbar,28.7,34.5,,26.4,,
Nhiều mây,-6°C,89%,8 km/h,1013 mbar,22.8,24.6,35.9,12,,
Sương mù,-6°C,93%,0 km/h,1013 mbar,25.3,33,19.2,17,0.5,
Nhiều mây,0°C,90%,5 km/h,1008 mbar,16,18,7,,,
Nhiều mây,-1°C,70%,7.1 km/h,1010 mbar,25,30,,,,
Nhiều mây,-1°C,95%,4.6 km/h,1010 mbar,20,24,,,,
Trời quang,-6°C,66%,13 km/h,1043 mbar,1.2,0.8,,,,
Nhiều mây,15°C,54%,8.4 km/h,1014 mbar,1,6,,,,
Nhiều mây,15°C,72%,5 km/h,1013 mbar,1,3,,,,
Nhiều mây,15°C,71%,18.5 km/h,1010 mbar,1,2,,,,
Nhiều mây,15°C,60%,4.8 km/h,1009 mbar,1,1,,,,
Nhiều mây,15°C,58%,6.3 km/h,1013 mbar,1,2,,,,
Nhiều mây,14°C,69%,6.1 km/h,1014 mbar,2.1*,,,,,
Ít mây,18°C,91%,20.4 km/h,991 mbar,17,,,,,
Nhiều mây,9°C,94%,10.4 km/h,1012 mbar,7,12,,,,
Nhiều mây,16°C,56%,9.3 km/h,1014 mbar,1,2,,,,
Mây rải rác,15°C,59%,14.8 km/h,1014 mbar,0,2,,,,
Nhiều mây,16°C,60%,9 km/h,1014 mbar,1,7,,,,
Nhiều mây,-12°C,97%,7.3 km/h,1024 mbar,3.3,4.4,,,,
Nhiều mây,-11°C,90%,14.8 km/h,1019 mbar,2.4,2.4,,,,
Mây rải rác,-12°C,67%,13 km/h,1026 mbar,2.1*,,,,,
Nhiều mây,-6°C,86%,13 km/h,1012 mbar,5.7,9.5,,19.7,,
Trời quang,11°C,80%,13.7 km/h,1004 mbar,1,2,71,3,2,0.1
Nhiều mây,19°C,93%,3.2 km/h,1022 mbar,0.9,,,,,
Mưa,8°C,96%,26.1 km/h,992 mbar,0.3,,,,,
Nhiều mây,17°C,97%,37 km/h,1007 mbar,4,,,,,
Tuyết,-4°C,95%,28.4 km/h,1024 mbar,7,,,,,
Mưa,7°C,92%,28.4 km/h,989 mbar,2,,,,,
Nhiều mây,16°C,74%,14.9 km/h,1014 mbar,1,5,,,,
Nhiều mây,15°C,75%,5.8 km/h,1014 mbar,1,4,,,,
Nhiều mây,16°C,71%,18.5 km/h,1010 mbar,1,2,,,,
Trời quang,21°C,82%,1.6 km/h,1012 mbar,1.7,,,,,
Tuyết,0°C,96%,10.2 km/h,1009 mbar,2.1*,,,,,
Nhiều mây,-4°C,90%,7.8 km/h,1001 mbar,1.7,,,0.4,2.9,
Mưa,2°C,96%,19.3 km/h,989 mbar,1.1*,,,,,
Trời quang,24°C,72%,21.5 km/h,1016 mbar,3.1*,,,,,
Nhiều mây,16°C,61%,9.9 km/h,1013 mbar,5,8,,,,
Mây rải rác,23°C,69%,18.5 km/h,1014 mbar,2.3,9.5,,,2.6,
Trời quang,4°C,48%,0 km/h,1019 mbar,11.3,,,,,
Nhiều mây,0°C,94%,4.5 km/h,1008 mbar,0.9,1.3,,,,
Mây rải rác,-12°C,67%,13 km/h,1026 mbar,2.1*,,,,,
Nhiều mây,-1°C,29%,10.7 km/h,994 mbar,2.5,4,,1.1,1.4,
Mây rải rác,17°C,55%,17.2 km/h,1013 mbar,1,,,,,
Nhiều mây,13°C,82%,9.6 km/h,1013 mbar,4,8,,,,
Nhiều mây,16°C,60%,8.7 km/h,1014 mbar,0,1,,,,
Nhiều mây,15°C,77%,18.3 km/h,1014 mbar,1,3,,,,
Nhiều mây,5°C,87%,37 km/h,1005 mbar,0.1,,,,,
Mưa,4°C,92%,50 km/h,993 mbar,0.2,,,,,
Nhiều mây,7°C,93%,29 km/h,995 mbar,0.2,,,,,
Trời quang,7°C,51%,1.6 km/h,1018 mbar,0.3,,,,,
Trời quang,7°C,75%,7.4 km/h,1014 mbar,14.1*,,,,,
Nhiều mây,10°C,35%,6.4 km/h,1030 mbar,1.8,,,,,
Nhiều mây,15°C,68%,18.5 km/h,1009 mbar,1,3,,,,
Nhiều mây,13°C,71%,6.7 km/h,1014 mbar,4.1,5,,,,
Ít mây,18°C,84%,29.6 km/h,1015 mbar,6,9,,1,2,
Nhiều mây,13°C,100%,11.1 km/h,1013 mbar,3,13,31,4,,
Ít mây,30°C,26%,2.3 km/h,1009 mbar,3.1*,,,,,
Trời quang,18°C,38%,15.1 km/h,1015 mbar,,1,,,,
Nhiều mây,9°C,62%,12.9 km/h,994 mbar,0.2,,,,,
Trời quang,7°C,55%,11.1 km/h,1018 mbar,4.1,,,,,
Ít mây,28°C,99%,8 km/h,1011 mbar,11.1*,,,,,
Mưa,21°C,79%,10.3 km/h,1016 mbar,5.1*,,,,0.2*,
Mưa,14°C,57%,7.9 km/h,1014 mbar,1,4,,,,
Trời quang,23°C,72%,31.5 km/h,1020 mbar,2.1*,,,,,
Trời quang,23°C,76%,6.4 km/h,1018 mbar,5.6,21,80,,0,
Nhiều mây,18°C,71%,4.3 km/h,1013 mbar,3.4,,,,,
Nhiều mây,-6°C,86%,13 km/h,1012 mbar,5.9,6.8,,24.2,,
Trời quang,-12°C,66%,3.6 km/h,1041 mbar,1.4,6.1,,,6.7,
Trời quang,-6°C,74%,27.8 km/h,1019 mbar,1.2,2,,,,
Trời quang,22°C,56%,7.4 km/h,1020 mbar,0.5,,,,,
Trời quang,-4°C,49%,7.3 km/h,1021 mbar,5.1*,,,,,
Trời quang,23°C,65%,29.6 km/h,1020 mbar,8.2,28,,9.8,,
Nhiều mây,21°C,62%,25 km/h,1022 mbar,7.1*,,,,,
Nhiều mây,16°C,62%,1.6 km/h,1013 mbar,0,0,,,,
Mây rải rác,-18°C,78%,9.3 km/h,1035 mbar,2.2,5,,0,0,
Mưa,4°C,92%,8.1 km/h,993 mbar,0,,,,,
Trời quang,19°C,63%,3.2 km/h,1014 mbar,0.4,,,,,
Mưa,3°C,96%,6.4 km/h,993 mbar,2.1*,,,,,
Tuyết,-2°C,90%,39.3 km/h,1029 mbar,5.4,,,0.4,,
Nhiều mây,-5°C,86%,18.5 km/h,1014 mbar,3,0,,,,
Trời quang,23°C,60%,21.8 km/h,1012 mbar,1,,,,,
Trời quang,7°C,76%,4.8 km/h,1018 mbar,13.2,,,,,
Trời quang,0°C,45%,6.4 km/h,1020 mbar,1.9,,,,,
Trời quang,8°C,35%,2.4 km/h,1018 mbar,0.3,9,,,,
Nhiều mây,24°C,83%,12.9 km/h,1020 mbar,5.9,,,,,
Nhiều mây,8°C,64%,27.8 km/h,996 mbar,1.7,,,,,
Tuyết,-2°C,98%,3 km/h,1007 mbar,4.3,,,,,
Mưa,9°C,93%,43.2 km/h,990 mbar,0,,,,,
Trời quang,19°C,63%,14.5 km/h,1015 mbar,0.4,,,,,
Nhiều mây,25°C,75%,4.8 km/h,1013 mbar,2.7,,,,,
Nhiều mây,17°C,54%,24.1 km/h,1014 mbar,1,4,,,,
Tuyết,-15°C,78%,11.1 km/h,1009 mbar,5.9,,,2.7,0.6,103.1
Nhiều mây,0°C,97%,4.1 km/h,1023 mbar,1.4,7.5,28.1,1.1,0,0.2
Nhiều mây,6°C,83%,22.5 km/h,1014 mbar,,,14,,,
Trời quang,-1°C,56%,6.7 km/h,1036 mbar,7.4,,,1.1,2.4,
Trời quang,18°C,94%,6.5 km/h,1013 mbar,2.1*,,,,,
Nhiều mây,13°C,67%,6 km/h,1004 mbar,3,5,50,27,3,0.1
Mây rải rác,19°C,77%,5 km/h,1020 mbar,4.3,,,,,
Mưa,7°C,95%,21.4 km/h,995 mbar,1.9,,,,,
Mưa,9°C,95%,6.4 km/h,995 mbar,1.9,,,,,
Mưa,7°C,94%,22.2 km/h,991 mbar,1.7,,,,,
Nhiều mây,5°C,87%,35.4 km/h,997 mbar,0.1,,,,,
Nhiều mây,5°C,95%,12.1 km/h,998 mbar,3.3,,,,,
Mây rải rác,23°C,68%,18.5 km/h,1014 mbar,1.7,13.2,,3.8,2.6,
Nhiều mây,16°C,60%,8.8 km/h,1014 mbar,1,3,,,,
Nhiều mây,15°C,67%,6 km/h,1013 mbar,1,2,,,,
Mây rải rác,26°C,83%,11.1 km/h,1011 mbar,2.4,,,,,
Ít mây,3°C,75%,7.4 km/h,1006 mbar,1,,,,,
Ít mây,19°C,89%,4.8 km/h,1008 mbar,2.1,,,,,
Trời quang,6°C,80%,11.1 km/h,1021 mbar,21.1*,,,,,
Trời quang,6°C,93%,5.5 km/h,1019 mbar,9.4,20,,,,
Trời quang,2°C,35%,3.7 km/h,1018 mbar,2,,,,,
Nhiều mây,23°C,73%,8.1 km/h,1015 mbar,0.9,,,,,
Nhiều mây,22°C,80%,9.6 km/h,1015 mbar,0.7,,,,,
Nhiều mây,16°C,63%,7.7 km/h,1014 mbar,1.1*,,,,,
Tuyết,1°C,98%,9.2 km/h,994 mbar,0.5,,,,,
Mây rải rác,20°C,82%,13.5 km/h,1012 mbar,3.1*,,,,,
Nhiều mây,31°C,64%,5.8 km/h,1005 mbar,12.7,15.6,11.1,2.8,3,
Ít mây,11°C,75%,13.6 km/h,1005 mbar,4.1*,,,,,
Nhiều mây,-2°C,95%,4.2 km/h,1007 mbar,8.4,14.3,,37.1,,
Ít mây,23°C,71%,29.6 km/h,1021 mbar,4.1*,,,,,
Nhiều mây,0°C,84%,9.6 km/h,1028 mbar,1.9,,,,,
Nhiều mây,8°C,93%,38.9 km/h,997 mbar,0.6,,,,,
Nhiều mây,10°C,86%,31.5 km/h,994 mbar,10.3,,,,,
Mưa,9°C,90%,38.6 km/h,992 mbar,5.1,,,,,
Mưa,7°C,84%,29.6 km/h,996 mbar,1.8,,,,,
Mưa,1°C,97%,11.1 km/h,993 mbar,2.1,,,,,
Mưa,4°C,89%,16.7 km/h,995 mbar,0.2,,,,,
Trời quang,21°C,38%,14.8 km/h,1013 mbar,0.3,,,,,
Mưa,3°C,96%,8.1 km/h,991 mbar,1.1,,,,,
Nhiều mây,3°C,88%,16.1 km/h,1019 mbar,1.9,,,1.5,1.1,
Nhiều mây,-4°C,93%,5.5 km/h,1007 mbar,3.8,,,12.2,,
Nhiều mây,-3°C,93%,13 km/h,1011 mbar,6,6.8,,8.8,,
Ít mây,21°C,82%,7.4 km/h,1013 mbar,3,,,,,
Trời quang,7°C,78%,11.1 km/h,1018 mbar,14.7,27.5,,,,
Ít mây,-7°C,67%,29.6 km/h,1030 mbar,0.5,,,,,
Mây rải rác,29°C,49%,21.9 km/h,1009 mbar,4.2,22.5,,,,
Nhiều mây,26°C,69%,31.5 km/h,1011 mbar,8.6,23.8,,,,
Mây rải rác,22°C,69%,18.5 km/h,1015 mbar,5.1*,,,,,
Nhiều mây,-20°C,93%,11.3 km/h,1020 mbar,2.7,8.4,,,0.3,
Nhiều mây,0°C,93%,20.9 km/h,1024 mbar,4.1,,,0.6,0,
Trời quang,-6°C,77%,3.7 km/h,1010 mbar,0.9,1.1,,1.7,,
Trời quang,-16°C,83%,13 km/h,1019 mbar,1.5,,,,,
Trời quang,4°C,50%,25.7 km/h,1018 mbar,12,,,,,
Nhiều mây,23°C,73%,27.8 km/h,1022 mbar,2.1*,,,,,
Mưa,4°C,87%,50 km/h,993 mbar,0.3,,,,,
Mưa,4°C,91%,16.7 km/h,994 mbar,0,,,,,
Mưa,4°C,86%,45.1 km/h,995 mbar,0.2,,,,,
Mưa,3°C,92%,18.5 km/h,995 mbar,0.5,,,,,
Nhiều mây,16°C,74%,5.3 km/h,1014 mbar,2,3,,,,
Nhiều mây,17°C,54%,24.1 km/h,1014 mbar,1,2,,,,
Nhiều mây,16°C,71%,6.2 km/h,1014 mbar,1,4,,,,
Nhiều mây,24°C,67%,6 km/h,1012 mbar,3.3,,,,,
Tuyết,0°C,94%,11.1 km/h,995 mbar,1,,,3,,
Nhiều mây,-17°C,98%,4.9 km/h,1011 mbar,1.2,,,,,
Ít mây,-15°C,89%,17.1 km/h,1029 mbar,1.1*,,,,,
Trời quang,19°C,92%,3.2 km/h,1011 mbar,1.2,,,,,
Nhiều mây,14°C,73%,4.8 km/h,1006 mbar,1,2,71,1,,
Tuyết,-3°C,94%,5.5 km/h,1004 mbar,2,3.7,2.9,26.9,,
Trời quang,24°C,62%,22.6 km/h,1012 mbar,2.1*,,,,,
Ít mây,21°C,63%,25.4 km/h,1019 mbar,7.2,,,,,
Nhiều mây,3°C,88%,16.7 km/h,993 mbar,0.2,,,,,
Mưa,4°C,95%,18.5 km/h,993 mbar,41.1,,,,,
Nhiều mây,4°C,87%,31.5 km/h,992 mbar,0.5,,,,,
Sương mù,7°C,93%,22.2 km/h,991 mbar,0.7,,,,,
Mưa,4°C,92%,18.5 km/h,994 mbar,0,,,,,
Mưa,4°C,91%,20.4 km/h,994 mbar,1,,,,,
Mưa,4°C,92%,16.7 km/h,995 mbar,0,,,,,
Nhiều mây,25°C,70%,31.5 km/h,1011 mbar,6.8,22.9,,3.8,,
Nhiều mây,25°C,69%,31.5 km/h,1011 mbar,6.7,31.5,,9.4,13.1,
Ít mây,-4°C,89%,6 km/h,1011 mbar,17.2,20,,,1,3.2
Mây rải rác,-5°C,98%,2.9 km/h,1011 mbar,16.7,20,,,1,
Nhiều mây,-4°C,99%,11.1 km/h,1007 mbar,3.5,4,,6.1,,
Tuyết,0°C,79%,4.2 km/h,1009 mbar,11.1*,,,,,
Mây rải rác,28°C,65%,37 km/h,1014 mbar,24,24.9,24.1,8.2,,0.3
Tuyết,0°C,93%,1.6 km/h,1006 mbar,11,12,1,,,
Nhiều mây,18°C,83%,18.2 km/h,1004 mbar,10.1*,,,,,
Nhiều mây,12°C,85%,12.5 km/h,1013 mbar,33,11,,1,,0.8
Ít mây,15°C,69%,24.1 km/h,1005 mbar,2,14,39,11,3,0.1
Nhiều mây,-3°C,93%,8 km/h,1010 mbar,2,3.4,,3.2,,
Nhiều mây,-4°C,93%,14.8 km/h,1010 mbar,3.2,4.6,,10.3,,
Nhiều mây,-2°C,95%,4.5 km/h,1007 mbar,6.2,8.5,,43.6,,
Nhiều mây,-2°C,95%,4.4 km/h,1006 mbar,7.1*,,,,,
Tuyết,-2°C,95%,4 km/h,1007 mbar,4.3,5.6,,51.5,,
Mây rải rác,-2°C,87%,5.5 km/h,1006 mbar,7.1*,,,35*,,
Trời quang,-11°C,73%,24.9 km/h,1018 mbar,0.2,,,,,
Trời quang,-4°C,76%,0 km/h,1022 mbar,0.9,,,,,
Mây rải rác,18°C,64%,3.1 km/h,1020 mbar,10.9,,,,,
Trời quang,2°C,51%,2.4 km/h,1019 mbar,31,22,,0,0,0
Trời quang,0°C,71%,6.4 km/h,1022 mbar,4.1,,,,,
Nhiều mây,7°C,88%,31.5 km/h,995 mbar,0.5,,,,,
Trời quang,1°C,64%,13 km/h,1021 mbar,3,,,,,
Trời quang,2°C,64%,13 km/h,1021 mbar,3.7,,,,,
Tuyết,0°C,73%,16.3 km/h,1008 mbar,0.6,,,,,
Nhiều mây,3°C,84%,16.7 km/h,992 mbar,0.1,,,,,
Nhiều mây,25°C,70%,31.5 km/h,1011 mbar,8,21,,1.9,,
Tuyết,-6°C,96%,3.7 km/h,1005 mbar,2,1,,,,
Mưa,3°C,96%,9.6 km/h,992 mbar,0.1,,,,,
Mưa,3°C,97%,6.4 km/h,992 mbar,2.8,1.6,43.3,24.4,0.4,176.5
Nhiều mây,2°C,74%,9.6 km/h,1015 mbar,3,6.3,36.7,0.7,0,0.1
Nhiều mây,4°C,94%,35.3 km/h,1024 mbar,1.5,,,,1.1,
Nhiều mây,-10°C,98%,5.3 km/h,1014 mbar,2,,,0.1,0.2,
Tuyết,0°C,76%,5.5 km/h,1008 mbar,2.8,4.1,,1.2,0.6,
Tuyết,-2°C,99%,14.8 km/h,1010 mbar,3.1,5.2,,,,
Nhiều mây,-3°C,88%,4.3 km/h,1009 mbar,12,15,30,,,
Trời quang,-1°C,57%,7.3 km/h,1036 mbar,1,,,3.8,7.3,
Trời quang,-6°C,65%,9.8 km/h,1036 mbar,0.3,2.9,,2.3,1.8,
Nhiều mây,11°C,89%,10.5 km/h,1012 mbar,4,6,,1,,
Nhiều mây,-4°C,93%,14.8 km/h,1010 mbar,2.1*,,,,,
Nhiều mây,-2°C,95%,4.3 km/h,1006 mbar,6.2,8.3,,26.6,,
Tuyết,0°C,84%,14.8 km/h,1005 mbar,3,4,,,,
Tuyết,2°C,96%,9.6 km/h,1007 mbar,0.8,1.5,,18.1,,
Nhiều mây,8°C,87%,19 km/h,998 mbar,0.1,,,,,
Nhiều mây,7°C,90%,24.1 km/h,998 mbar,0.4,,,,,
Mưa,8°C,82%,37 km/h,995 mbar,0.1,,,,,
Mưa,4°C,92%,16.7 km/h,994 mbar,0.6,,,,,
Mưa,4°C,92%,16.7 km/h,994 mbar,0.6,,,,,
Mưa,4°C,93%,1.6 km/h,995 mbar,0.3,,,,,
Trời quang,22°C,76%,13 km/h,1020 mbar,5.3,,,,,
Tuyết,-1°C,97%,14.3 km/h,999 mbar,0.7,,,,,
Nhiều mây,25°C,69%,31.5 km/h,1011 mbar,8.2,22.2,,7.5,,
Nhiều mây,22°C,81%,4.8 km/h,1015 mbar,4.1*,,,,,
Nhiều mây,14°C,75%,3.2 km/h,1014 mbar,1,4,,,,
Trời quang,-6°C,53%,13.6 km/h,1034 mbar,1,,,,,
Nhiều mây,-6°C,88%,5.5 km/h,1023 mbar,6.5,7.5,,6.3,,
Tuyết,-6°C,95%,12.6 km/h,1009 mbar,2.1,2.3,,,2.8,
Trời quang,-7°C,79%,15 km/h,1023 mbar,3.4,5,,,,
Trời quang,-7°C,79%,15 km/h,1023 mbar,3.4,5,,,,
Trời quang,-7°C,100%,6.4 km/h,1021 mbar,3.6,4.3,,,,
Ít mây,19°C,86%,29.6 km/h,1016 mbar,8,11,,5,2,
Nhiều mây,-3°C,93%,13 km/h,1010 mbar,3.2,4.9,,19.5,,
Nhiều mây,-3°C,93%,13 km/h,1010 mbar,1.9,3.6,,,,
Nhiều mây,-6°C,86%,24.1 km/h,1013 mbar,2.7,0,,,,
Mưa,1°C,91%,7.4 km/h,1004 mbar,,,,4,,
Mây rải rác,0°C,84%,14.8 km/h,1005 mbar,4.1*,,,,,
Tuyết,0°C,86%,4.7 km/h,1006 mbar,4.4,5.9,,21.4,2.2,
Nhiều mây,-2°C,95%,4.5 km/h,1006 mbar,5.3,6.9,,32,,
Trời quang,18°C,92%,13.4 km/h,1020 mbar,10.1*,,,,,
Trời quang,22°C,76%,13 km/h,1020 mbar,5.3,,,,,
Nhiều mây,4°C,91%,20.4 km/h,993 mbar,0.1,,,,,
Mưa,4°C,94%,6.4 km/h,993 mbar,0,,,,,
Mưa,3°C,89%,11.3 km/h,994 mbar,0,,,,,
Mưa,4°C,89%,16.7 km/h,993 mbar,0.3,,,,,
Trời quang,32°C,24%,27.8 km/h,1003 mbar,0.2,,,,,
Trời quang,22°C,62%,9.6 km/h,1012 mbar,2.1*,,,,,
Mây rải rác,-17°C,96%,3.5 km/h,1012 mbar,2.1*,,,,,
Tuyết,1°C,96%,7.2 km/h,994 mbar,0.1,,,,,
Ít mây,22°C,88%,14.8 km/h,1015 mbar,2.1*,,,,,
Tuyết,-1°C,97%,14.1 km/h,1010 mbar,3,4.4,,9.5,,
Mưa,8°C,91%,4.8 km/h,997 mbar,1.6,1.9,,,,
Nhiều mây,20°C,94%,13 km/h,1012 mbar,2.1*,,,,,
Mưa,27°C,80%,4.6 km/h,1015 mbar,5.1*,,29.2*,4.9*,0.5*,
Tuyết,0°C,91%,6.4 km/h,1009 mbar,8,12,,,1,
Mây rải rác,13°C,75%,11.1 km/h,1005 mbar,8,10,6,17,3,0.5
Nhiều mây,2°C,85%,9.6 km/h,1007 mbar,8,9.7,,,,
Trời quang,6°C,87%,11.1 km/h,1020 mbar,10,15,,,,
Nhiều mây,9°C,73%,12.9 km/h,996 mbar,1.5,,,,,
Trời quang,-10°C,59%,5.3 km/h,1033 mbar,5.6,,56,,0,
Mưa,2°C,96%,19.3 km/h,990 mbar,0.4,,,,,
Tuyết,1°C,96%,6.4 km/h,993 mbar,1.4,,,,,
Nhiều mây,3°C,91%,14.5 km/h,1022 mbar,2.8,,,0,1.1,
Trời quang,-4°C,46%,12.1 km/h,1033 mbar,1,,,2.4,,
Trời quang,19°C,69%,2.6 km/h,1013 mbar,6,15,,,,
Nhiều mây,0°C,70%,25.7 km/h,1012 mbar,1.4,1.9,,2.1,1.4,
Nhiều mây,-2°C,99%,8 km/h,1014 mbar,8.7,11.5,,,,
Nhiều mây,-5°C,93%,7.2 km/h,1013 mbar,6,5.2,,12.9,,
Nhiều mây,-4°C,95%,8.2 km/h,1010 mbar,4.5,4.6,,,,
Nhiều mây,12°C,84%,12.3 km/h,1013 mbar,2.1*,5*,,6*,2*,
Trời quang,21°C,79%,7.6 km/h,1013 mbar,2.4,,,,,
Nhiều mây,12°C,76%,9.3 km/h,1005 mbar,6,3,19,14,6,0.1
Tuyết,1°C,88%,3.2 km/h,1002 mbar,1.6,2.6,,10.4,,
Tuyết,0°C,85%,14.8 km/h,1005 mbar,6.2,12.1,,,,
Nhiều mây,-11°C,100%,3.4 km/h,1025 mbar,0.3,,,,,
Trời quang,4°C,50%,3.2 km/h,1020 mbar,0.7,,,,,
Ít mây,9°C,59%,7.4 km/h,1018 mbar,20,18.2,6,,,
Trời quang,0°C,72%,0 km/h,1021 mbar,3.4,,,,,
Mưa,7°C,89%,27.8 km/h,1004 mbar,0.6,,,,,
Nhiều mây,6°C,97%,3.2 km/h,1012 mbar,1,,,,,
Trời quang,2°C,70%,8.1 km/h,1021 mbar,2.5,,,,,
Nhiều mây,9°C,62%,40.1 km/h,995 mbar,4.6,,,,,
Nhiều mây,7°C,87%,11.1 km/h,996 mbar,0.3,,,,,
Mưa,4°C,90%,8.1 km/h,995 mbar,0.8,,,,,
Mưa,4°C,87%,50 km/h,993 mbar,0.2,,,,,
Tuyết,0°C,98%,21.5 km/h,1007 mbar,1.6,,,,,
Trời quang,-5°C,56%,25.9 km/h,1018 mbar,0.1,,,,,
Nhiều mây,23°C,93%,5.5 km/h,1007 mbar,11.1*,,,,,
Ít mây,27°C,29%,7.7 km/h,1010 mbar,6.4,17.9,0.4,0.1,0,
Ít mây,16°C,66%,10.8 km/h,1016 mbar,,5,,,,
Ít mây,19°C,61%,24.1 km/h,1015 mbar,0.5,,,,,
Trời quang,25°C,28%,0.7 km/h,1011 mbar,1,,,,,
Tuyết,-2°C,97%,2.4 km/h,1006 mbar,4,6,,7,0,
Mưa,4°C,88%,6.4 km/h,992 mbar,0.1,,,,,
Nhiều mây,-10°C,96%,8.6 km/h,1014 mbar,2,3.6,,3.2,0.2,
Nhiều mây,-4°C,100%,16.7 km/h,1015 mbar,8.3,,,,,
Tuyết,0°C,87%,25.9 km/h,1008 mbar,0.8,1.1,,4.5,0.2,
Mưa,28°C,65%,37 km/h,1014 mbar,4.7,12.8,,3.3,,
Nhiều mây,0°C,49%,5.5 km/h,1015 mbar,4,,,,,
Nhiều mây,20°C,92%,57.2 km/h,1006 mbar,1,,,,,
Mưa,27°C,73%,3.9 km/h,1004 mbar,26,,,,,
Nhiều mây,3°C,74%,9 km/h,1013 mbar,6,11,,4,,0.2
Mây rải rác,-2°C,92%,3.7 km/h,1006 mbar,3.8,5.1,,,,
Nhiều mây,-13°C,100%,3.9 km/h,1025 mbar,1.2,,,,,
Trời quang,7°C,81%,7.4 km/h,1019 mbar,17.3,,,,,
Trời quang,-4°C,78%,0 km/h,1022 mbar,4,7,,,,
Mưa,7°C,88%,27.8 km/h,1005 mbar,0.1,,,,,
Nhiều mây,10°C,82%,17.7 km/h,1011 mbar,1.1,,,,,
Trời quang,-5°C,79%,14.5 km/h,1022 mbar,0.6,,,,,
Trời quang,19°C,83%,5.5 km/h,1018 mbar,11.6,,,,,
Trời quang,19°C,91%,5.5 km/h,1018 mbar,10.1*,,,,,
Trời quang,22°C,75%,13 km/h,1020 mbar,2.8,,,,,
Trời quang,0°C,84%,9.3 km/h,1026 mbar,4.6,,,,,
Nhiều mây,-1°C,80%,7.4 km/h,1023 mbar,4.1*,,,,,
Nhiều mây,8°C,80%,13 km/h,1021 mbar,5.1*,,,,,
Nhiều mây,8°C,82%,25.9 km/h,996 mbar,1.2,,,,,
Nhiều mây,1°C,61%,18.5 km/h,1025 mbar,6,,,,,
Mưa,3°C,87%,29 km/h,993 mbar,0.1,,,,,
Sương mù,3°C,93%,1.6 km/h,992 mbar,4.3,,,,,
Mưa,3°C,89%,8.1 km/h,994 mbar,0,,,,,
Mưa,3°C,88%,16.7 km/h,995 mbar,0.4,,,,,
Nhiều mây,3°C,98%,11.1 km/h,993 mbar,2.8,,,,,
Mây rải rác,22°C,69%,18.5 km/h,1015 mbar,1.3,,,,,
Ít mây,23°C,73%,11.1 km/h,1018 mbar,3.1*,,,,,
Trời quang,-5°C,54%,20.8 km/h,1033 mbar,3,,,1.7,,
Nhiều mây,-20°C,97%,5.3 km/h,1023 mbar,7.3,,,,1.1,
Nhiều mây,0°C,90%,14.5 km/h,1025 mbar,2.1*,,,,,
Nhiều mây,-3°C,93%,9.3 km/h,1012 mbar,1.1*,,,,,
Ít mây,23°C,78%,6.7 km/h,1011 mbar,4.6,,,,,
Trời quang,1°C,56%,17.8 km/h,1015 mbar,0,1,,7.5,2.6,
Mây rải rác,0°C,93%,14.8 km/h,1010 mbar,8,5,,3,1,
Mây rải rác,-2°C,87%,5.5 km/h,1006 mbar,10.8,12.7,,34,,
Mây rải rác,-2°C,91%,5.5 km/h,1006 mbar,12,15,,35.7,,
Tuyết,0°C,90%,14.8 km/h,1005 mbar,3.6,5.2,,17.9,,
Mây rải rác,-2°C,93%,5.5 km/h,1006 mbar,14.1,17.2,,38.7,,
Nhiều mây,2°C,84%,3.2 km/h,1004 mbar,2.2,3,,24.5,,
Trời quang,1°C,48%,4.8 km/h,1022 mbar,14.3,,,,,
Sương mù,7°C,97%,0 km/h,1021 mbar,0.6,,,,,
Trời quang,8°C,67%,9.3 km/h,1019 mbar,4.1,,,,,
Trời quang,0°C,55%,4.8 km/h,1024 mbar,3.8,,,,,
Mây rải rác,1°C,44%,8.7 km/h,1021 mbar,2.6,,,19.9,,
Mưa,4°C,92%,5.5 km/h,992 mbar,1.4,,,,,
Nhiều mây,3°C,85%,20.9 km/h,992 mbar,0.8,,,,,
Mưa,3°C,93%,4.8 km/h,993 mbar,0.1,,,,,
Mưa,3°C,89%,19.3 km/h,993 mbar,0.1,,,,,
Sương mù,4°C,88%,16.7 km/h,995 mbar,0.3,,,,,
Mưa,3°C,91%,8.1 km/h,994 mbar,0,,,,,
Trời quang,18°C,61%,7.8 km/h,1016 mbar,1.6,,,,,
Nhiều mây,23°C,70%,8.1 km/h,1015 mbar,4.3,13,42,3.8,,
Nhiều mây,23°C,70%,8.1 km/h,1015 mbar,4.3,13,42,3.8,,
Nhiều mây,22°C,68%,8.1 km/h,1011 mbar,4.4,12.3,,1.9,,
Trời quang,-6°C,96%,4.5 km/h,1011 mbar,6.5,8,,,,
Trời quang,5°C,53%,5.5 km/h,1019 mbar,14.2,,,,,
Trời quang,3°C,68%,4.8 km/h,1021 mbar,8.7,,,,,
Nhiều mây,8°C,84%,11.3 km/h,985 mbar,10.3,,,,,
Mưa,8°C,81%,30.6 km/h,994 mbar,1.9,,,,,
Nhiều mây,8°C,88%,13.8 km/h,998 mbar,1.8,,,,,
Mưa,3°C,91%,8.1 km/h,994 mbar,0,,,,,
Mưa,7°C,96%,20.4 km/h,994 mbar,0.1,,,,,
Mưa,4°C,93%,16.7 km/h,993 mbar,0.3,,,,,
Nhiều mây,5°C,91%,22.2 km/h,993 mbar,9.3,,,,,
Mưa,3°C,92%,19.3 km/h,995 mbar,0.6,,,,,
Nhiều mây,23°C,73%,8.1 km/h,1012 mbar,7.2,19.7,40,3.8,,
Mưa,3°C,94%,19.4 km/h,994 mbar,3.6,,,,,
Mưa,3°C,96%,29 km/h,992 mbar,0.3,,,,,
Nhiều mây,-2°C,87%,26.4 km/h,1030 mbar,5.3,,,2.1,,
Nhiều mây,2°C,93%,14.5 km/h,1022 mbar,0.1,,,,,
Trời quang,-11°C,75%,15.7 km/h,1030 mbar,2,,56,0.8,,
Nhiều mây,0°C,51%,5.5 km/h,1015 mbar,4,8,,30.1,,
Nhiều mây,27°C,89%,8 km/h,1007 mbar,3.4,,,,,
Nhiều mây,1°C,86%,4.8 km/h,1005 mbar,2.3,3.5,,,,
Mây rải rác,-2°C,93%,3.7 km/h,1006 mbar,4.9,6.2,,13.5,,
Mây rải rác,2°C,20%,22.2 km/h,1003 mbar,3.1*,,,,,
Mưa,3°C,93%,19.8 km/h,1007 mbar,0.6,,,,,
Tuyết,-2°C,90%,9 km/h,1025 mbar,3.9,,0.1,,,
Ít mây,5°C,51%,16.7 km/h,1021 mbar,49,24,2,0,0,0
Trời quang,-4°C,77%,0 km/h,1029 mbar,3.8,,,,,
Trời quang,0°C,83%,8.1 km/h,1019 mbar,3.1,,,,,
Mưa,4°C,91%,6.4 km/h,993 mbar,1.2,,,,,
Trời quang,19°C,59%,14.3 km/h,1016 mbar,0.8,,,,,
Trời quang,19°C,55%,11.9 km/h,1015 mbar,0.5,,,,,
Mưa,28°C,70%,14.8 km/h,1010 mbar,2.2,6.1,,,,
Nhiều mây,19°C,62%,21.8 km/h,1011 mbar,0.3,,,,,
Nhiều mây,22°C,40%,20.4 km/h,1010 mbar,3.5,,,,,
Trời quang,23°C,88%,11.1 km/h,1009 mbar,4.6,,,,,
Nhiều mây,-17°C,97%,2 km/h,1014 mbar,10.8,,,,2.6,
Tuyết,1°C,95%,23.8 km/h,992 mbar,0.1,,,,,
Mưa,5°C,86%,69.2 km/h,990 mbar,1.7,,,,,
Nhiều mây,-6°C,83%,19.3 km/h,1012 mbar,3.1*,,,,,
Trời quang,-14°C,76%,25.5 km/h,1034 mbar,1.1*,,,,,
Trời quang,-7°C,63%,18.5 km/h,1022 mbar,4.6,,,,,
Nhiều mây,2°C,94%,6.4 km/h,1011 mbar,0,,,,,
Nhiều mây,4°C,96%,4.5 km/h,1012 mbar,4.5,13,,1,1,
Nhiều mây,13°C,70%,7.2 km/h,1005 mbar,2,2,41,6,3.5,0.1
Sương mù,-1°C,98%,7.4 km/h,1010 mbar,12.2,14.3,,,,
Nhiều mây,1°C,96%,13 km/h,1006 mbar,2.6,7,67.9,31.2,,
Mây rải rác,-2°C,87%,5.5 km/h,1006 mbar,3.8,,,,,
Mây rải rác,0°C,74%,6.5 km/h,1018 mbar,1.1,3,,,,
Nhiều mây,0°C,86%,4.8 km/h,1005 mbar,0.6,,,,,
Trời quang,2°C,63%,0 km/h,1021 mbar,7,,,,,
Mưa,3°C,92%,18.5 km/h,994 mbar,0.5,,,,,
Mưa,4°C,90%,16.7 km/h,995 mbar,0.1,,,,,
Mây rải rác,22°C,69%,18.5 km/h,1015 mbar,5.1*,,,,,
Nhiều mây,15°C,75%,10.2 km/h,1013 mbar,1,1,,,,
Mây rải rác,19°C,58%,18.5 km/h,1009 mbar,1,,,,,
Mây rải rác,22°C,47%,13.4 km/h,1010 mbar,3.1,,,,,
Nhiều mây,-5°C,65%,15.2 km/h,1031 mbar,1.1,,,,,
Nhiều mây,1°C,81%,6.4 km/h,1016 mbar,6.3,12.7,,2.6,0.1,0.2
Nhiều mây,-1°C,60%,20.1 km/h,1028 mbar,4.1*,,,,,
Mây rải rác,-3°C,84%,20.5 km/h,1030 mbar,3,,,,,
Nhiều mây,-5°C,92%,14.8 km/h,1010 mbar,4.7,5.9,51.9,8.7,1.1,230
Tuyết,0°C,85%,25.9 km/h,1008 mbar,3,5.1,,9.1,,
Nhiều mây,0°C,93%,4.9 km/h,1007 mbar,10,15,,,,
Nhiều mây,0°C,92%,15.8 km/h,1008 mbar,12.7,13.8,,,,
Mây rải rác,2°C,95%,1.6 km/h,1018 mbar,8,,,,,
Trời quang,18°C,81%,1.6 km/h,1015 mbar,1,,,,,
Trời quang,11°C,62%,7.4 km/h,1015 mbar,3.8,,,,,
Nhiều mây,19°C,67%,4.8 km/h,1014 mbar,4.9,,,,,
Trời quang,-5°C,75%,3.7 km/h,1011 mbar,7,8,,35.9,,
Nhiều mây,-9°C,94%,5.5 km/h,1018 mbar,3.8,3.7,,6.1,,
Nhiều mây,0°C,99%,11.1 km/h,1003 mbar,3,5,30,30,,
Trời quang,6°C,63%,0 km/h,1019 mbar,0.3,,,,,
Trời quang,6°C,63%,0 km/h,1019 mbar,0.3,,,,,
Nhiều mây,7°C,86%,6.4 km/h,1015 mbar,2.1,,,,,
Nhiều mây,9°C,87%,0 km/h,1017 mbar,5.7,,,,,
Nhiều mây,9°C,81%,17.7 km/h,1011 mbar,0.7,,,,,
Ít mây,4°C,39%,3.2 km/h,1015 mbar,5,,,,,
Ít mây,18°C,54%,13 km/h,1026 mbar,,,54,,,
Nhiều mây,-5°C,71%,29 km/h,1029 mbar,0.3,,,,,
Nhiều mây,-3°C,89%,9.6 km/h,1024 mbar,3.4,,,,,
Ít mây,9°C,66%,3.9 km/h,1011 mbar,3,3.4,,,,
Trời quang,-6°C,68%,0 km/h,1028 mbar,2.7,5,,,,
Mưa,3°C,92%,16.7 km/h,994 mbar,0.1,,,,,
Mưa,4°C,87%,9.1 km/h,1007 mbar,0.8,,,,,
Mưa,4°C,96%,5.5 km/h,994 mbar,0.2,,,,,
Mưa,3°C,91%,18.5 km/h,993 mbar,0.4,,,,,
Nhiều mây,-3°C,83%,13 km/h,1025 mbar,4.1,,,,,
Trời quang,28°C,70%,24.1 km/h,1007 mbar,3.3,8.7,,3.8,,
Nhiều mây,-16°C,96%,8.9 km/h,1012 mbar,2.1,3,4.6,4.3,0.7,
Mưa,3°C,97%,9.6 km/h,992 mbar,0.4,,,,,
Trời quang,-8°C,66%,9.4 km/h,1035 mbar,2.5,,,,,
Nhiều mây,1°C,90%,10.4 km/h,1006 mbar,0.1,,,,,
Trời quang,12°C,68%,1.8 km/h,1016 mbar,8,11,,9.4,5.2,
Trời quang,-4°C,68%,3.7 km/h,1011 mbar,1.4,1.8,,,,
Nhiều mây,10°C,97%,3.2 km/h,1007 mbar,4.1*,,,,,
Nhiều mây,-2°C,95%,4.2 km/h,1007 mbar,7.1*,,,,,
Nhiều mây,10°C,94%,14.8 km/h,1019 mbar,0.3,,,,,
Nhiều mây,4°C,87%,7.7 km/h,1005 mbar,10.6,,,,,
Nhiều mây,0°C,99%,3.2 km/h,1009 mbar,24.4,28,,,,
Ít mây,-17°C,92%,6.4 km/h,1020 mbar,10,16,61,8,4,
Nhiều mây,7°C,100%,11.1 km/h,1001 mbar,5.1*,,,40.4*,6.5*,
Mưa,22°C,53%,17.7 km/h,1016 mbar,20.8,,,,,
Tuyết,1°C,71%,1.5 km/h,1019 mbar,24,42,,,,
Nhiều mây,6°C,60%,16.1 km/h,1008 mbar,7.6,,,,,
Mưa,25°C,87%,8.1 km/h,1007 mbar,3.1*,,,,,
Nhiều mây,7°C,84%,16.7 km/h,1016 mbar,14.6,,,,,
Ít mây,9°C,72%,2.7 km/h,1020 mbar,15.1*,,,,,
Nhiều mây,11°C,87%,7.4 km/h,1020 mbar,34.3,,,,,
Nhiều mây,10°C,80%,16.7 km/h,1014 mbar,28.2,,,,,
Nhiều mây,10°C,71%,14.4 km/h,1016 mbar,36.8,,,,,
Mây rải rác,9°C,78%,9.3 km/h,1020 mbar,33.5,,,,,
Nhiều mây,-2°C,94%,13 km/h,1008 mbar,16.4,,,,,
Mây rải rác,0°C,83%,6.4 km/h,1025 mbar,18.1,,,,,
Mưa,1°C,85%,9.6 km/h,1022 mbar,9.5,,,,,
Tuyết,-3°C,95%,3.5 km/h,1010 mbar,5.1,,,,,
Tuyết,0°C,84%,12.9 km/h,1004 mbar,3.6,,,,,
Sương mù,-1°C,92%,9.3 km/h,1009 mbar,29.6,37,,,,
Nhiều mây,21°C,71%,12.2 km/h,1012 mbar,15,23.5,93.5,8.5,3.5,500
Sương mù,0°C,93%,7.4 km/h,1010 mbar,24.1*,,,,,
Nhiều mây,4°C,95%,8.1 km/h,1004 mbar,9.1,5.3,,,3.6,
Nhiều mây,4°C,91%,13.5 km/h,1003 mbar,9.9,18.9,8.8,,3.2,
Nhiều mây,11°C,94%,10.3 km/h,1009 mbar,8,,,,,
Trời quang,11°C,64%,4.3 km/h,1018 mbar,28,,,,,
Nhiều mây,0°C,93%,6.4 km/h,1007 mbar,14.5,23.3,,,,
Nhiều mây,7°C,97%,9.9 km/h,991 mbar,10.1*,,,,,
Mưa,4°C,70%,5.3 km/h,1019 mbar,18.1*,,,,,
Mưa,9°C,44%,12.1 km/h,1017 mbar,20.1*,,,,,
Trời quang,9°C,76%,5.5 km/h,1019 mbar,28.9,,,,,
Trời quang,10°C,82%,14.8 km/h,1016 mbar,34.4,,,,,
Trời quang,9°C,73%,6.4 km/h,1020 mbar,,,2,56.4,,0
Trời quang,-1°C,60%,14.8 km/h,1018 mbar,3.1*,,,,,
Sương mù,2°C,90%,11.1 km/h,1024 mbar,19.1*,,,,,
Trời quang,0°C,82%,5.5 km/h,1025 mbar,3.2,,,,,
Nhiều mây,8°C,76%,9.3 km/h,1025 mbar,11.2,,,,,
Mưa,1°C,81%,9.6 km/h,1022 mbar,8.4,,,,,
Trời quang,-2°C,71%,4.4 km/h,1028 mbar,29.8,,,,,
Trời quang,-3°C,87%,7.4 km/h,1027 mbar,14,,,,,
Mưa,2°C,75%,9.6 km/h,1035 mbar,10.7,,,,,
Nhiều mây,-1°C,72%,25.9 km/h,1017 mbar,6.2,,,,,
Nhiều mây,-9°C,100%,8.4 km/h,1016 mbar,3,,,,,
Trời quang,13°C,77%,7.6 km/h,1015 mbar,5,21,2,11,,
Sương mù,0°C,97%,3.2 km/h,1005 mbar,33,30.4,4.6,,5.7,
Nhiều mây,-1°C,88%,7.4 km/h,1009 mbar,39.4,,,,,
Nhiều mây,17°C,81%,9.8 km/h,1002 mbar,6.1*,,,,,
Trời quang,10°C,50%,6.2 km/h,1016 mbar,10.5,12,,16.9,,343.5
Nhiều mây,11°C,71%,14.5 km/h,1007 mbar,20,32.1,,,,
Mưa,28°C,74%,9.3 km/h,1006 mbar,13.1,,,,,
Ít mây,2°C,87%,16.7 km/h,1002 mbar,42,,,,,
Mưa,2°C,84%,2.2 km/h,1019 mbar,47,61,42,,,
Nhiều mây,13°C,86%,8.1 km/h,1010 mbar,7.8,,71,3,8,0.5
Nhiều mây,4°C,84%,11.3 km/h,1014 mbar,17.9,,,,,
Trời quang,7°C,79%,0 km/h,1019 mbar,25.7,,,,,
Mưa,4°C,93%,14.2 km/h,1016 mbar,1.9,,,,,
Nhiều mây,10°C,77%,8.1 km/h,1018 mbar,23,,,,,
Trời quang,8°C,78%,7.4 km/h,1020 mbar,28.4,,,,,
Nhiều mây,10°C,81%,9.3 km/h,1017 mbar,23.1*,,,,,
Nhiều mây,10°C,95%,8.4 km/h,1021 mbar,5,,,,,
Nhiều mây,11°C,96%,13 km/h,1022 mbar,8.6,,,,,
Sương mù,1°C,96%,13 km/h,1022 mbar,9.1*,,,,,
Trời quang,-4°C,54%,27.8 km/h,1030 mbar,3.6,,,,,
Nhiều mây,3°C,86%,18.5 km/h,1022 mbar,5.1,,,,,
Trời quang,-2°C,65%,9.3 km/h,1026 mbar,6.4,,,,,
Tuyết,1°C,74%,1.6 km/h,1021 mbar,8.1*,,,,,
Trời quang,19°C,91%,1.8 km/h,1012 mbar,19,10,8,42,11,
Ít mây,8°C,94%,0.2 km/h,1016 mbar,25.3,,,,,
Nhiều mây,1°C,93%,7.4 km/h,1010 mbar,16.6,22.5,34.2,24.5,,
Trời quang,6°C,90%,14.8 km/h,1000 mbar,26.8,,,,,
Nhiều mây,16°C,96%,8.1 km/h,1010 mbar,11.1*,,,,,
Mưa,27°C,85%,3.8 km/h,1004 mbar,8.1*,,,,,
Nhiều mây,-1°C,93%,11.7 km/h,1010 mbar,18.9,,,,,
Tuyết,1°C,75%,1.9 km/h,1019 mbar,34,50,,,2.6,
Nhiều mây,19°C,83%,53.6 km/h,1011 mbar,16,38,,7.5,1.3,
Mưa,25°C,88%,17.8 km/h,1007 mbar,4.1*,,,,,
Nhiều mây,10°C,85%,24.1 km/h,1014 mbar,29.3,,,,,
Trời quang,7°C,67%,0 km/h,1020 mbar,19.6,,,,,
Nhiều mây,10°C,81%,14.8 km/h,1015 mbar,35.1,,,,,
Nhiều mây,10°C,80%,14.8 km/h,1015 mbar,33.4,,,,,
Trời quang,10°C,80%,5.5 km/h,1021 mbar,19.8,,,,,
Nhiều mây,6°C,77%,8.1 km/h,1017 mbar,16.9,,,,,
Nhiều mây,8°C,86%,14.8 km/h,1015 mbar,31.7,,,,,
Nhiều mây,0°C,80%,9.7 km/h,1021 mbar,6.1,,,,,
Sương mù,2°C,91%,0 km/h,1022 mbar,34.5,,,,,
Sương mù,0°C,94%,11.1 km/h,1020 mbar,38,,,,,
Tuyết,1°C,85%,14.8 km/h,1002 mbar,16.2,,,,,
Ít mây,-8°C,93%,5.5 km/h,1010 mbar,2.8,,,,,
Trời quang,-2°C,82%,11.1 km/h,1027 mbar,29.4,,,,,
Mưa,1°C,87%,9.6 km/h,1022 mbar,7.6,,,,,
Mây rải rác,-1°C,86%,7.4 km/h,1024 mbar,12.1*,,,,,
Nhiều mây,11°C,96%,5.5 km/h,1021 mbar,5.1*,,,,,
Sương mù,17°C,91%,13 km/h,1016 mbar,28.2*,,,,,
Nhiều mây,22°C,79%,22.8 km/h,1008 mbar,9.1*,,,,,
Nhiều mây,14°C,90%,3.5 km/h,1013 mbar,10.5,,,,,
Trời quang,-14°C,72%,21.6 km/h,1035 mbar,19.2,23,,12.4,11.1,391.9
Mưa,27°C,89%,15.3 km/h,1005 mbar,6,,,,,
Nhiều mây,11°C,62%,12.3 km/h,1018 mbar,27,44,72,29.1,6.6,572.5
Nhiều mây,7°C,52%,13.9 km/h,1019 mbar,19.1*,,,,,
Nhiều mây,9°C,44%,13.7 km/h,1018 mbar,18.1*,,,,,
Nhiều mây,7°C,65%,27.8 km/h,1019 mbar,15.1*,,,,,
Tuyết,-1°C,53%,5.2 km/h,1006 mbar,7.3,,,,,
Nhiều mây,14°C,91%,29.4 km/h,1012 mbar,18.1,63,1.1,9.2,,
Nhiều mây,8°C,87%,25.9 km/h,1013 mbar,30.4,,,,,
Nhiều mây,10°C,79%,22.2 km/h,1016 mbar,36,,,,,
Mây rải rác,9°C,75%,9.3 km/h,1019 mbar,24.4,,,,,
Sương mù,2°C,91%,9.3 km/h,1024 mbar,20.1*,,,,,
Nhiều mây,3°C,88%,9.3 km/h,1022 mbar,21.8,,,,,
Nhiều mây,2°C,75%,7.4 km/h,1023 mbar,10.1*,,,,,
Ít mây,21°C,93%,14.8 km/h,1014 mbar,6.1,,,,,
Tuyết,-7°C,93%,0 km/h,1005 mbar,8.2,,,,,
Nhiều mây,-6°C,83%,13.7 km/h,1013 mbar,0.2,,,,,
Tuyết,-1°C,89%,7.3 km/h,1008 mbar,47.6,,,,,
Mây rải rác,28°C,78%,13 km/h,1005 mbar,8,8.3,,,,
Mây rải rác,17°C,70%,16.1 km/h,1002 mbar,8.1*,,,,,
Trời quang,10°C,51%,7.1 km/h,1016 mbar,23,,,,,
Nhiều mây,11°C,95%,8.9 km/h,1008 mbar,3.5,,,,,
Nhiều mây,27°C,76%,6.7 km/h,1006 mbar,11.5,,,,,
Ít mây,-21°C,98%,4.9 km/h,1026 mbar,2.1*,,,,,
Nhiều mây,9°C,52%,4.7 km/h,1016 mbar,7,9,,7.5,5.2,
Mưa,11°C,40%,10.2 km/h,1017 mbar,23.1*,,,,,
Mưa rào,19°C,87%,11.1 km/h,1015 mbar,9.1,,,,,
Nhiều mây,20°C,86%,26 km/h,1012 mbar,9,32,,5.6,2.4,
Nhiều mây,16°C,94%,9.6 km/h,1019 mbar,27,,,,,
Trời quang,8°C,86%,7.4 km/h,1021 mbar,19,,,,,
Mây rải rác,10°C,82%,9.3 km/h,1020 mbar,38.8,,,,,
Nhiều mây,9°C,87%,3.2 km/h,1014 mbar,32.6,,,,,
Trời quang,7°C,76%,5.5 km/h,1018 mbar,23.7,,,,,
Nhiều mây,-2°C,93%,13 km/h,1009 mbar,9.1*,,,,,
Nhiều mây,1°C,60%,18.5 km/h,1011 mbar,18.7,51,46,,,
Nhiều mây,8°C,81%,3.2 km/h,1022 mbar,6.1*,,,,,
Tuyết,0°C,84%,20.4 km/h,1022 mbar,8.1*,,,,,
Trời quang,-2°C,69%,4.7 km/h,1028 mbar,17.8,,,,,
Mưa,0°C,85%,9.3 km/h,1022 mbar,11.8,,,,,
Nhiều mây,1°C,84%,14.8 km/h,1025 mbar,11.1*,,,,,
Nhiều mây,18°C,77%,1.7 km/h,1015 mbar,6.5,13,59,5,3,400
Nhiều mây,0°C,84%,3.1 km/h,1007 mbar,19,36,,,,
Nhiều mây,0°C,85%,1.8 km/h,1007 mbar,15,32,,,4.5,
Mây rải rác,0°C,94%,4.3 km/h,1012 mbar,18.1*,,,,,
Nhiều mây,-3°C,93%,3.7 km/h,1010 mbar,64.7,,,,,
Sương mù,0°C,87%,11.1 km/h,1009 mbar,52,,,,,
Tuyết,0°C,99%,5.2 km/h,1008 mbar,38,,,,,
Nhiều mây,0°C,85%,8.6 km/h,1010 mbar,14.8,15.4,,,,
Nhiều mây,-1°C,84%,6.4 km/h,1010 mbar,13.8,15.4,,,3.1,
Nhiều mây,3°C,82%,17.5 km/h,1004 mbar,7.1*,,,,,
Nhiều mây,10°C,48%,3.9 km/h,1016 mbar,32.2*,,,,,
Nhiều mây,2°C,97%,10.1 km/h,1006 mbar,30.3,,,,,
Mây rải rác,9°C,77%,9.3 km/h,1020 mbar,30.9,,,,,
Ít mây,9°C,72%,3.1 km/h,1020 mbar,15.1*,,,,,
Nhiều mây,11°C,88%,7.4 km/h,1020 mbar,36.9,,,,,
Nhiều mây,7°C,79%,9.3 km/h,1019 mbar,15.1,,,,,
Nhiều mây,11°C,87%,7.4 km/h,1020 mbar,24.6,,,,,
Mây rải rác,10°C,78%,5.5 km/h,1020 mbar,36.7,,,,,
Mây rải rác,10°C,78%,5.5 km/h,1020 mbar,36.7,,,,,
Trời quang,8°C,89%,7.4 km/h,1021 mbar,3,,,,,
Nhiều mây,2°C,90%,9.9 km/h,1020 mbar,5.5,,,,,
Sương mù,10°C,98%,7.4 km/h,1022 mbar,3.6,,,,,
Sương mù,2°C,90%,11.1 km/h,1024 mbar,29.9,,,,,
Nhiều mây,2°C,93%,11.1 km/h,1024 mbar,0.9,,,,,
Sương mù,2°C,90%,11.1 km/h,1023 mbar,32.5,,,,,
Nhiều mây,-7°C,93%,9.2 km/h,1020 mbar,0.1,,,,,
Mây rải rác,-12°C,88%,8.1 km/h,1024 mbar,0.6,,,,,
Nhiều mây,8°C,95%,7.4 km/h,1023 mbar,9.1*,,,,,
Nhiều mây,0°C,78%,6.4 km/h,1023 mbar,8.2,,,,,
Sương mù,7°C,92%,9.3 km/h,1017 mbar,9.1*,,,,,
Mưa,4°C,95%,8.3 km/h,1004 mbar,0.3,,,,,
Mưa,1°C,86%,9.6 km/h,1023 mbar,10,,,,,
Nhiều mây,0°C,84%,12.9 km/h,1004 mbar,4.4,,,,,
Sương mù,0°C,97%,9.3 km/h,1024 mbar,22.1*,,,,,
Nhiều mây,2°C,91%,1.8 km/h,1002 mbar,16,19,,,,
Nhiều mây,0°C,95%,4.8 km/h,1009 mbar,29,30,,,,
Nhiều mây,22°C,97%,3.7 km/h,1008 mbar,8.1*,,,,,
Trời quang,19°C,89%,4.1 km/h,1010 mbar,13,25,,18,,
Nhiều mây,20°C,66%,20.6 km/h,1013 mbar,21,29,109,7,5,800
Nhiều mây,0°C,91%,5.1 km/h,1008 mbar,27,27,,,6.9,
Nhiều mây,-1°C,86%,9.3 km/h,1011 mbar,11,14.2,,,,
Nhiều mây,4°C,91%,17.4 km/h,1003 mbar,12.1*,,,,,
Nhiều mây,17°C,83%,11.1 km/h,1001 mbar,5.1*,,,,,
Nhiều mây,16°C,78%,8.5 km/h,1002 mbar,7.1*,,,,,
Nhiều mây,8°C,86%,4.6 km/h,1001 mbar,16.5,17.9,3.9,41.4,1.8,
Trời quang,12°C,63%,2.8 km/h,1016 mbar,12,4,,18.8,2.6,
Nhiều mây,11°C,96%,12.9 km/h,1009 mbar,1,,,,,
Trời quang,19°C,69%,5.6 km/h,1016 mbar,46.8,,,,,
Trời quang,-9°C,36%,24.6 km/h,1036 mbar,1.1*,,,,,
Nhiều mây,10°C,93%,1.8 km/h,1009 mbar,6.1*,,,,,
Nhiều mây,30°C,54%,8.1 km/h,1007 mbar,9,,,,,
Nhiều mây,10°C,79%,14.8 km/h,1015 mbar,38.3,,,,,
Nhiều mây,10°C,81%,22.2 km/h,1016 mbar,33,,,,,
Nhiều mây,11°C,88%,7.4 km/h,1020 mbar,31.3,,,,,
Sương mù,11°C,89%,14.8 km/h,1020 mbar,4.3,,,,,
Sương mù,10°C,94%,13 km/h,1022 mbar,7.5,,,,,
Mây rải rác,6°C,96%,3.2 km/h,1020 mbar,20.4,,,,,
Nhiều mây,0°C,85%,13 km/h,1021 mbar,18.6,,,,,
