Thời tiết,Nhiệt độ,Độ ẩm,Gió,Áp suất, PM2.5 , PM10 , O3 , NO2 , SO2 , CO ,target
Trời quang,11°C,52%,8.8 km/h,1017 mbar,61.3,185.3,2,52.2,10.4,1160,Không lành mạnh
Trời quang,12°C,44%,9.4 km/h,1016 mbar,139.2,245.5,4.5,44.6,8.8,1150,Không lành mạnh
Nhiều mây,-4°C,45%,5 km/h,1036 mbar,157,416.5,9,59,27.5,,Rất không lành mạnh
Sương mù,12°C,87%,7.4 km/h,1016 mbar,123.9,222.3,23,54.8,,,Không lành mạnh
Trời quang,12°C,56%,7.1 km/h,1016 mbar,83.3*,,,,,,Không lành mạnh
Trời quang,14°C,42%,10.5 km/h,1018 mbar,49.2*,,,,,,Không lành mạnh cho các nhóm nhạy cảm
Trời quang,12°C,42%,9.1 km/h,1016 mbar,148.4,195.8,25,26.4,16.8,940,Không lành mạnh
Trời quang,15°C,46%,13.5 km/h,1018 mbar,140,,,,,,Không lành mạnh
Sương mù,8°C,66%,7.4 km/h,1021 mbar,105,,,,,,Không lành mạnh
Trời quang,14°C,52%,11.2 km/h,1017 mbar,74.5,,,,,,Không lành mạnh
Trời quang,12°C,44%,9.5 km/h,1016 mbar,113.1,168.7,4,24.8,9.6,2980,Không lành mạnh
Trời quang,12°C,45%,9.7 km/h,1016 mbar,152.3,222.9,,,4,,Rất không lành mạnh
Trời quang,14°C,53%,7.6 km/h,1017 mbar,77.4,,,,12.8,,Không lành mạnh
Sương mù,11°C,76%,7.4 km/h,1016 mbar,85,,,,,,Không lành mạnh
Sương mù,13°C,94%,0 km/h,1015 mbar,98,176.3,7,41.6,6,580,Không lành mạnh
Trời quang,14°C,53%,11.7 km/h,1017 mbar,75.1,83,1,38.4,3.2,,Không lành mạnh
Sương mù,12°C,87%,7.4 km/h,1016 mbar,88.2,113,5,18,4,1215,Không lành mạnh
Nhiều mây,-5°C,48%,4.8 km/h,1037 mbar,130,467,10.5,42,5,2650,Nguy hiểm
Trời quang,15°C,49%,8.6 km/h,1016 mbar,79.5,177.8,18,47.4,23.2,1320,Không lành mạnh
Trời quang,16°C,66%,6.7 km/h,1015 mbar,205.7,285.5,23,4.8,4.8,1215,Rất không lành mạnh
Sương mù,13°C,100%,0 km/h,1015 mbar,42.8,55,,,,,Không lành mạnh cho các nhóm nhạy cảm
Trời quang,14°C,48%,11.1 km/h,1018 mbar,58.2*,,,,,,Không lành mạnh
Trời quang,15°C,51%,11.4 km/h,1016 mbar,85.9,189.8,2,26.4,,,Không lành mạnh
Trời quang,15°C,50%,11.2 km/h,1016 mbar,74.8,114.5,9,51.4,4.8,720,Không lành mạnh
Trời quang,15°C,49%,6.7 km/h,1016 mbar,70.2*,,,,,,Không lành mạnh
Trời quang,13°C,63%,8.5 km/h,1016 mbar,267,,43,84,2.4,200,Nguy hiểm
Sương mù,20°C,83%,0 km/h,1014 mbar,132.5,,,,,,Không lành mạnh
Trời quang,21°C,16%,13.7 km/h,1011 mbar,55,,,,,,Không lành mạnh cho các nhóm nhạy cảm
Trời quang,11°C,53%,8.7 km/h,1017 mbar,105.4,140.1,2,,2.4,1140,Không lành mạnh
Trời quang,18°C,41%,7.4 km/h,1015 mbar,97.4,220,7,29.2,27,1310,Không lành mạnh
Ít mây,-28°C,94%,8.4 km/h,1051 mbar,168,131.3,,,22.1,,Rất không lành mạnh
Trời quang,14°C,54%,12 km/h,1016 mbar,66.2*,,,,,,Không lành mạnh
Trời quang,19°C,67%,6 km/h,1015 mbar,49.2*,,,,,,Không lành mạnh cho các nhóm nhạy cảm
Trời quang,14°C,53%,7.5 km/h,1017 mbar,82.7,,,,6.4,,Không lành mạnh
Trời quang,15°C,49%,7.1 km/h,1016 mbar,55.9,82,34.5,35.2,13.6,1300,Không lành mạnh
Trời quang,14°C,53%,11.3 km/h,1016 mbar,148.4,216.9,,,,,Không lành mạnh
Nhiều mây,-14°C,76%,15.3 km/h,1041 mbar,0.6,0.6,,,,,Tốt
Trời quang,16°C,75%,12.2 km/h,987 mbar,52.3,99,,,8,,Không lành mạnh cho các nhóm nhạy cảm
Trời quang,11°C,50%,11 km/h,1016 mbar,58.2,152.2,,,,,Không lành mạnh
Nhiều mây,-12°C,71%,18.1 km/h,1040 mbar,32.8,33,,6.1,,,Trung bình
Trời quang,15°C,47%,15.5 km/h,1016 mbar,63.1,,,,10.4,,Không lành mạnh
Trời quang,-15°C,72%,14.4 km/h,1037 mbar,,,,,4.9,,Tốt
Mây rải rác,14°C,51%,1.3 km/h,1016 mbar,167.9,27.4,,10.6,23.2,,Rất không lành mạnh
Trời quang,17°C,38%,9.5 km/h,1012 mbar,101,,,,,,Không lành mạnh
Trời quang,3°C,72%,1.8 km/h,1026 mbar,82.5,,0,20.1,6.5,,Không lành mạnh
Trời quang,13°C,50%,11.3 km/h,1016 mbar,55.3,68,12,6.4,8,,Không lành mạnh cho các nhóm nhạy cảm
Trời quang,14°C,52%,11.4 km/h,1017 mbar,55.9,,,,5.6,,Không lành mạnh
Trời quang,15°C,50%,10.2 km/h,1016 mbar,80.2*,,,,,,Không lành mạnh
Sương mù,-8°C,93%,7.2 km/h,1028 mbar,61.3,133.8,,,,,Không lành mạnh
Trời quang,14°C,52%,4 km/h,1017 mbar,49.9,,3,,4,,Không lành mạnh cho các nhóm nhạy cảm
Trời quang,17°C,40%,6.6 km/h,1015 mbar,173.3,,,,17.1,,Rất không lành mạnh
Sương mù,0°C,80%,0 km/h,1026 mbar,30,,,,,,Trung bình
Sương mù,18°C,82%,9.3 km/h,1013 mbar,152.3,213.9,5,30,25.6,1520,Rất không lành mạnh
Sương mù,-1°C,93%,25.2 km/h,1031 mbar,108.6,147.4,,,,,Không lành mạnh
Trời quang,13°C,53%,10.8 km/h,1017 mbar,35.1,58,2,,0.8,,Trung bình
Trời quang,14°C,53%,12.1 km/h,1016 mbar,75.9,,7,3.2,,,Không lành mạnh
Sương mù,13°C,88%,0 km/h,1014 mbar,175.7,438.2,13.5,34.6,4.8,3460,Nguy hiểm
Sương mù,20°C,77%,7.4 km/h,1014 mbar,104.2,174.7,13,37.3,10,290,Không lành mạnh
Trời quang,14°C,53%,11.5 km/h,1017 mbar,49.2*,,,,,,Không lành mạnh cho các nhóm nhạy cảm
Trời quang,14°C,52%,11.4 km/h,1017 mbar,63.6,,,,18.4,,Không lành mạnh
Trời quang,14°C,52%,4.8 km/h,1016 mbar,38.7,,19,,13.6,,Không lành mạnh cho các nhóm nhạy cảm
Sương mù,11°C,87%,3.7 km/h,1017 mbar,47.6,88.5,14,,13.6,640,Không lành mạnh cho các nhóm nhạy cảm
Sương mù,23°C,46%,0 km/h,1010 mbar,101.3*,,,,,,Không lành mạnh
Trời quang,15°C,47%,13.9 km/h,1016 mbar,61.3,104,,24,11.2,,Không lành mạnh
Trời quang,-16°C,77%,7.6 km/h,1051 mbar,19.5,29,50,15,5,500,Trung bình
Nhiều mây,1°C,19%,5.9 km/h,1032 mbar,42,94,8,42,40,1000,Không lành mạnh cho các nhóm nhạy cảm
Sương mù,16°C,67%,11.1 km/h,1013 mbar,77.7,158.5,46.6,76.3,,0,Không lành mạnh
Sương mù,9°C,93%,0 km/h,1017 mbar,80.6,85,42,58,18.4,280,Không lành mạnh
Trời quang,13°C,55%,11.7 km/h,1017 mbar,48.2,88,,,8.8,,Không lành mạnh cho các nhóm nhạy cảm
Trời quang,14°C,52%,8.9 km/h,1017 mbar,67.2,79,,,6.4,,Không lành mạnh
Sương mù,17°C,94%,0 km/h,1014 mbar,72.1,110,,2.4,13.6,640,Không lành mạnh
Nhiều mây,1°C,24%,9.3 km/h,1033 mbar,14.5,34.5,31.5,42.5,6.5,550,Trung bình
Trời quang,22°C,75%,2.4 km/h,1014 mbar,25,,,,,,Trung bình
Trời quang,14°C,52%,5.3 km/h,1016 mbar,222.6,,10,,,,Rất không lành mạnh
Mây rải rác,25°C,88%,6.8 km/h,1009 mbar,31,,,,,,Trung bình
Mây rải rác,1°C,21%,4.1 km/h,1033 mbar,24.5,60.5,8,37.5,6,1150,Trung bình
Trời quang,10°C,79%,6.9 km/h,1019 mbar,89.5,,,,,,Không lành mạnh
Trời quang,-7°C,59%,3.2 km/h,1039 mbar,104,258,,43,3,,Không lành mạnh
Ít mây,6°C,93%,5.5 km/h,1019 mbar,58,,4,,,,Không lành mạnh
Mây rải rác,1°C,21%,5.8 km/h,1033 mbar,34,72,11,39,7.5,1050,Trung bình
Nhiều mây,4°C,20%,13.2 km/h,1032 mbar,50.5,95,28,40,9,700,Không lành mạnh cho các nhóm nhạy cảm
Ít mây,19°C,64%,14.8 km/h,1018 mbar,19.1*,,,,,,Trung bình
Trời quang,-15°C,75%,7.4 km/h,1051 mbar,34.5,41.5,7.5,69,6,800,Trung bình
Nhiều mây,-16°C,82%,16.7 km/h,1033 mbar,12,,,,,,Tốt
Nhiều mây,2°C,23%,12.1 km/h,1033 mbar,31,63,39,34.5,7,500,Trung bình
Trời quang,16°C,56%,12.6 km/h,1017 mbar,40.5,96,11,,,,Không lành mạnh cho các nhóm nhạy cảm
Trời quang,9°C,100%,11.1 km/h,1020 mbar,84,,,,,,Không lành mạnh
Trời quang,-5°C,50%,4.7 km/h,1044 mbar,52,154,56.5,28,5,1250,Không lành mạnh cho các nhóm nhạy cảm
Trời quang,0°C,37%,6.7 km/h,1033 mbar,32,56,28,45,20.5,700,Trung bình
Nhiều mây,1°C,24%,14 km/h,1033 mbar,30.5,76.5,33.5,42,18,500,Trung bình
Nhiều mây,2°C,24%,8 km/h,1031 mbar,64,119,14,44,26.5,2400,Không lành mạnh
Trời quang,18°C,40%,7.8 km/h,1016 mbar,19.8,,,,5.6,,Trung bình
Trời quang,-19°C,64%,9.5 km/h,1040 mbar,57.3,,,,,,Không lành mạnh
Nhiều mây,1°C,26%,8.1 km/h,1033 mbar,34,62,16,40,23,800,Trung bình
Sương mù,13°C,82%,9.3 km/h,1016 mbar,94.2,,,14.4,16,,Không lành mạnh
Nhiều mây,1°C,24%,8.2 km/h,1034 mbar,15.5,42.5,33,34,6.5,500,Trung bình
Nhiều mây,2°C,48%,7.1 km/h,1032 mbar,43,110,9,48,16,1200,Không lành mạnh cho các nhóm nhạy cảm
Trời quang,13°C,64%,9.9 km/h,1020 mbar,2,,,,,,Tốt
Trời quang,0°C,26%,6.2 km/h,1034 mbar,38,85,14,46,16,800,Không lành mạnh cho các nhóm nhạy cảm
Trời quang,12°C,48%,11.4 km/h,1018 mbar,51,,,,,,Không lành mạnh cho các nhóm nhạy cảm
Nhiều mây,20°C,65%,5 km/h,1013 mbar,153.6,,,,,,Rất không lành mạnh
Nhiều mây,1°C,22%,2.6 km/h,1034 mbar,43.5,90.5,17,45,13.5,1100,Không lành mạnh cho các nhóm nhạy cảm
Nhiều mây,1°C,23%,3.5 km/h,1034 mbar,49,102,11,43,14,1000,Không lành mạnh cho các nhóm nhạy cảm
Nhiều mây,2°C,22%,15 km/h,1033 mbar,33,67,42,29,6,400,Trung bình
Nhiều mây,2°C,25%,7.7 km/h,1033 mbar,24,62,40.5,26,7.5,400,Trung bình
Sương mù,17°C,94%,0 km/h,1015 mbar,80.3,138.6,16,,22.4,1190,Không lành mạnh
Mây rải rác,23°C,62%,1.2 km/h,1015 mbar,16.5,,,,,,Trung bình
Nhiều mây,4°C,39%,13.5 km/h,1029 mbar,39,62,37,29,7.5,500,Không lành mạnh cho các nhóm nhạy cảm
Ít mây,15°C,55%,6 km/h,1016 mbar,152.3,217.8,6,12,8.8,1505,Rất không lành mạnh
Nhiều mây,9°C,91%,6 km/h,993 mbar,14.3,15.1,,,,,Trung bình
Trời quang,0°C,20%,3.7 km/h,1033 mbar,20.5,58,13.5,51.5,14.5,700,Trung bình
Sương mù,24°C,46%,0 km/h,1010 mbar,122.6,211.8,14.2,73.7,,,Không lành mạnh
Nhiều mây,-6°C,22%,2.8 km/h,1033 mbar,23,59,17,42.5,12,500,Trung bình
Trời quang,20°C,66%,8.6 km/h,1014 mbar,98.3*,,,,,,Không lành mạnh
Nhiều mây,12°C,93%,6 km/h,992 mbar,6.1*,,,,,,Tốt
Trời quang,-1°C,20%,4 km/h,1032 mbar,28,88,10.5,58.5,43.5,1250,Trung bình
Sương mù,19°C,49%,22.2 km/h,1015 mbar,114,,,,,,Không lành mạnh
Nhiều mây,1°C,24%,10 km/h,1033 mbar,22.5,59.5,30,37,14,350,Trung bình
Nhiều mây,2°C,20%,10.9 km/h,1031 mbar,20,62,23,34,8,600,Trung bình
Mây rải rác,1°C,20%,8.5 km/h,1033 mbar,37,76,11,55,14,1200,Không lành mạnh cho các nhóm nhạy cảm
Nhiều mây,4°C,38%,17.9 km/h,1029 mbar,97,86,29,8,3,,Không lành mạnh
Nhiều mây,5°C,20%,18.8 km/h,1031 mbar,46,88,45,28,8,700,Không lành mạnh cho các nhóm nhạy cảm
Ít mây,18°C,55%,9.2 km/h,1015 mbar,124.3*,,,,,,Không lành mạnh
Sương mù,13°C,82%,9.3 km/h,1016 mbar,31.6,,,,12,,Trung bình
Trời quang,0°C,23%,0.7 km/h,1033 mbar,41,81,8,58.5,11,1000,Không lành mạnh cho các nhóm nhạy cảm
Trời quang,-17°C,85%,3.6 km/h,1044 mbar,19,25.5,21,59,4,700,Trung bình
Trời quang,-1°C,26%,5.7 km/h,1032 mbar,12,41,21,41,14.5,950,Tốt
Nhiều mây,1°C,20%,10.7 km/h,1031 mbar,24.5,72,20.5,30,11,931,Trung bình
Nhiều mây,2°C,24%,11.3 km/h,1033 mbar,15,51.5,33.5,36,9.5,600,Trung bình
Sương mù,-16°C,85%,7.2 km/h,1037 mbar,2.4,3.2,,0.5,41.5,14.7,Tốt
Nhiều mây,2°C,25%,8.7 km/h,1033 mbar,35.5,90,20,47,8,500,Không lành mạnh cho các nhóm nhạy cảm
Ít mây,-5°C,29%,1.7 km/h,1034 mbar,44,84,11,41,15,800,Không lành mạnh cho các nhóm nhạy cảm
Trời quang,13°C,50%,11.3 km/h,1017 mbar,16.9,30.7,,15,0,820,Trung bình
Trời quang,0°C,21%,4.6 km/h,1033 mbar,26,78,7,55,12,700,Trung bình
Nhiều mây,2°C,24%,12.2 km/h,1033 mbar,22,49.5,34,32.5,12,600,Trung bình
Nhiều mây,2°C,43%,12.2 km/h,1032 mbar,48,85,25,55,26,1100,Không lành mạnh cho các nhóm nhạy cảm
Nhiều mây,3°C,55%,11.3 km/h,1032 mbar,37,85,20,39,10,700,Không lành mạnh cho các nhóm nhạy cảm
Nhiều mây,2°C,37%,13.1 km/h,1032 mbar,33.5,75.5,27,51,15.5,1150,Trung bình
Ít mây,14°C,45%,12 km/h,1016 mbar,103.9,,,,,,Không lành mạnh
Nhiều mây,11°C,71%,3.5 km/h,1023 mbar,149,170,7,41,10,900,Không lành mạnh
Sương mù,24°C,83%,11.1 km/h,1012 mbar,85,,,,30.4,,Không lành mạnh
Mây rải rác,5°C,56%,1.7 km/h,1024 mbar,22.1*,,,,,,Trung bình
Trời quang,1°C,20%,9.2 km/h,1033 mbar,35,81.5,9,56.5,14.5,1000,Trung bình
Trời quang,0°C,24%,2.6 km/h,1033 mbar,37,62,18,52,17,800,Không lành mạnh cho các nhóm nhạy cảm
Trời quang,1°C,24%,5.1 km/h,1033 mbar,21,44,29,37,10,500,Trung bình
Trời quang,21°C,33%,20 km/h,1015 mbar,16.1*,,,,,,Trung bình
Trời quang,1°C,20%,9 km/h,1033 mbar,21.5,48,15,47,12,700,Trung bình
Ít mây,-5°C,44%,4.4 km/h,1037 mbar,112,388,36,17.5,6,850,Rất không lành mạnh
Trời quang,13°C,52%,8.6 km/h,1017 mbar,87.1,108.5,13.2,19.2,20,,Không lành mạnh
Trời quang,18°C,41%,8.1 km/h,1016 mbar,47.2,,,,,,Không lành mạnh cho các nhóm nhạy cảm
Trời quang,-9°C,67%,10.8 km/h,1031 mbar,33.1,41.9,,,,,Trung bình
Nhiều mây,1°C,20%,6.9 km/h,1034 mbar,15,37,22,48,6,600,Trung bình
Nhiều mây,11°C,73%,1.9 km/h,1022 mbar,68,83,24,33,8.5,700,Không lành mạnh
Trời quang,4°C,60%,4.5 km/h,1027 mbar,21,91,50,20,6,0.4,Trung bình
Nhiều mây,0°C,25%,8 km/h,1034 mbar,26,57,17,58,10,650,Trung bình
Trời quang,0°C,27%,6.7 km/h,1033 mbar,33.5,68.5,23.5,49.5,23,850,Trung bình
Trời quang,0°C,24%,11.5 km/h,1033 mbar,13,34,37,33,10,500,Trung bình
Nhiều mây,6°C,43%,16.8 km/h,1028 mbar,75.5,117,40,27,4,600,Không lành mạnh
Trời quang,0°C,24%,13 km/h,1032 mbar,6,15,63,11,6,400,Tốt
Nhiều mây,19°C,52%,2.3 km/h,1015 mbar,48.8,114.6,13,,28,,Không lành mạnh cho các nhóm nhạy cảm
Nhiều mây,2°C,26%,10.8 km/h,1033 mbar,31,64,30,34,7,300,Trung bình
Trời quang,13°C,46%,15.4 km/h,1015 mbar,67.2,,,,,,Không lành mạnh
Trời quang,15°C,52%,6.6 km/h,1017 mbar,42.8,77,6,34.4,10.4,,Không lành mạnh cho các nhóm nhạy cảm
Nhiều mây,1°C,93%,22.2 km/h,1000 mbar,5.8,,,,,,Tốt
Nhiều mây,2°C,39%,7.7 km/h,1032 mbar,27,71,29,41,21,900,Trung bình
Sương mù,-8°C,100%,7.4 km/h,1031 mbar,70.6,88.4,,,,,Không lành mạnh
Trời quang,0°C,39%,6.1 km/h,1031 mbar,29,68,34,26,18,600,Trung bình
Trời quang,0°C,22%,7.6 km/h,1033 mbar,35,63,14,60.5,16,900,Trung bình
Trời quang,0°C,24%,3.6 km/h,1033 mbar,44,82.5,10,63,15,900,Không lành mạnh cho các nhóm nhạy cảm
Trời quang,0°C,26%,10.9 km/h,1033 mbar,22,54,36,48,14,600,Trung bình
Mây rải rác,13°C,47%,9.5 km/h,1016 mbar,108,,53.1,,20,,Không lành mạnh
Sương mù,11°C,82%,7.4 km/h,1016 mbar,128.8,,10,,6.4,,Không lành mạnh
Nhiều mây,1°C,27%,7.5 km/h,1033 mbar,40,114,17,50,21,900,Không lành mạnh cho các nhóm nhạy cảm
Trời quang,0°C,28%,5.5 km/h,1033 mbar,26,73,25,47,13,700,Trung bình
Trời quang,18°C,56%,4.7 km/h,1015 mbar,50.3,,,,,,Không lành mạnh cho các nhóm nhạy cảm
Nhiều mây,5°C,44%,17 km/h,1029 mbar,80,122,41,28,6,767,Không lành mạnh
Tuyết,1°C,100%,6.9 km/h,1003 mbar,31.9,,,,,,Trung bình
Nhiều mây,2°C,50%,7.5 km/h,1033 mbar,38.5,90,12,39,8,600,Không lành mạnh cho các nhóm nhạy cảm
Mây rải rác,3°C,54%,15.3 km/h,1032 mbar,47,74,23,20,9,500,Không lành mạnh cho các nhóm nhạy cảm
Nhiều mây,18°C,51%,6.3 km/h,1013 mbar,62.4,109,0,18.2,,645.2,Không lành mạnh
Nhiều mây,18°C,70%,9.3 km/h,1013 mbar,8.1*,,,,,,Tốt
Trời quang,0°C,25%,6.9 km/h,1033 mbar,28.5,49,19,57,14,650,Trung bình
Trời quang,-6°C,28%,12.2 km/h,1043 mbar,58,178,40,32.5,11,500,Không lành mạnh
Nhiều mây,2°C,56%,8.5 km/h,1032 mbar,48.5,88.5,18.5,39.5,8.5,600,Không lành mạnh cho các nhóm nhạy cảm
Trời quang,0°C,23%,9.1 km/h,1033 mbar,17,39,33,45,12,500,Trung bình
Trời quang,0°C,25%,3.7 km/h,1034 mbar,36,75.5,14,49.5,14,800,Không lành mạnh cho các nhóm nhạy cảm
Ít mây,-14°C,90%,7.8 km/h,1052 mbar,61,57,37,21,3,850,Không lành mạnh
Trời quang,-2°C,31%,7 km/h,1031 mbar,53,65,20,40,23,1300,Không lành mạnh cho các nhóm nhạy cảm
Sương mù,1°C,100%,0 km/h,1024 mbar,11.1*,,,,,,Tốt
Trời quang,0°C,28%,7 km/h,1033 mbar,36,81,13,59,22,900,Không lành mạnh cho các nhóm nhạy cảm
Mưa,13°C,88%,30.6 km/h,1002 mbar,5.1*,,,,,,Tốt
Nhiều mây,8°C,94%,10.4 km/h,994 mbar,3,,,,,,Tốt
Nhiều mây,1°C,24%,12.7 km/h,1033 mbar,24,80,30,42,14,300,Trung bình
Ít mây,2°C,24%,5.1 km/h,1031 mbar,20,58.5,22,36,12,713,Trung bình
Nhiều mây,1°C,25%,12.4 km/h,1033 mbar,37,62,14,53,28,1000,Không lành mạnh cho các nhóm nhạy cảm
Trời quang,9°C,79%,8.1 km/h,1019 mbar,56,,,,,,Không lành mạnh
Nhiều mây,2°C,18%,14.2 km/h,1031 mbar,25,51,11,40,11,976,Trung bình
Nhiều mây,17°C,64%,6.9 km/h,1021 mbar,60.8,90.9,,1,6.1,,Không lành mạnh
Nhiều mây,16°C,40%,10.1 km/h,1014 mbar,39.2*,,,,,,Không lành mạnh cho các nhóm nhạy cảm
Nhiều mây,5°C,33%,14.3 km/h,1029 mbar,76,69.5,5.5,33.5,3,9500,Không lành mạnh
Nhiều mây,-1°C,89%,5.2 km/h,1012 mbar,4.1*,,,,,,Tốt
Nhiều mây,-2°C,92%,12.2 km/h,1009 mbar,17,22,32,,,,Trung bình
Mây rải rác,-4°C,89%,3.7 km/h,1012 mbar,12.8,14.6,,2.8,,,Trung bình
Nhiều mây,-1°C,88%,7.4 km/h,1011 mbar,19,27,,,,,Trung bình
Nhiều mây,12°C,57%,2.3 km/h,1013 mbar,19,34,,39.5,,,Trung bình
Nhiều mây,13°C,56%,16.3 km/h,1011 mbar,22,,,27.3,2.6,,Trung bình
Nhiều mây,7°C,91%,20.8 km/h,1015 mbar,5,4,,,0,,Tốt
Nhiều mây,13°C,69%,17.4 km/h,1013 mbar,18,,,15,7.9,,Trung bình
Nhiều mây,12°C,69%,17.7 km/h,1013 mbar,12.5,,,26.3,,,Trung bình
Nhiều mây,13°C,69%,17.7 km/h,1013 mbar,20,,,11.3,2.6,,Trung bình
Nhiều mây,12°C,69%,18.1 km/h,1014 mbar,9,,,7.5,7.9,,Tốt
Nhiều mây,13°C,69%,17.1 km/h,1013 mbar,13,,,22.6,,458,Trung bình
Nhiều mây,13°C,56%,12.9 km/h,1012 mbar,20,,,,,,Trung bình
Mưa,13°C,60%,16.3 km/h,1013 mbar,22,25,,16.9,5.2,,Trung bình
Nhiều mây,12°C,67%,9.6 km/h,1015 mbar,13,,,,,,Trung bình
Nhiều mây,12°C,59%,3.2 km/h,1007 mbar,14,15,,26.3,,,Trung bình
Nhiều mây,13°C,62%,5.4 km/h,1013 mbar,9,16,,13.2,,,Tốt
Sương mù,0°C,91%,16.7 km/h,1011 mbar,16.1,21.1,28.9,13.8,,,Trung bình
Nhiều mây,-3°C,93%,14.5 km/h,1010 mbar,13.4,13.3,,,3.9,,Trung bình
Nhiều mây,7°C,87%,25.9 km/h,1009 mbar,4,9,56.8,9.5,1,0.2,Tốt
Mây rải rác,0°C,56%,16.7 km/h,1018 mbar,0.9,,,,,,Tốt
Nhiều mây,11°C,83%,11.3 km/h,1015 mbar,2.5,,,,,,Tốt
Sương mù,13°C,96%,17.7 km/h,1016 mbar,0.2,,,,,,Tốt
Nhiều mây,11°C,91%,18.5 km/h,1004 mbar,1.9,,,,,,Tốt
Nhiều mây,11°C,91%,11.3 km/h,1003 mbar,3,,,,,,Tốt
Nhiều mây,5°C,84%,6.7 km/h,1023 mbar,12.6,,,,,,Trung bình
Nhiều mây,3°C,92%,13 km/h,1021 mbar,10.6,,,,,,Tốt
Ít mây,11°C,67%,4.8 km/h,1016 mbar,3.3,,,,,,Tốt
Sương mù,11°C,92%,20.4 km/h,1005 mbar,3.6,,,,,,Tốt
Nhiều mây,12°C,86%,6.4 km/h,1016 mbar,0.4,,,,,,Tốt
Trời quang,1°C,43%,11.1 km/h,1015 mbar,3.3,,,,,,Tốt
Nhiều mây,1°C,74%,13 km/h,1029 mbar,5.4,,,,,,Tốt
Nhiều mây,12°C,86%,13 km/h,1022 mbar,12.7,,,,,,Trung bình
Nhiều mây,7°C,97%,4.9 km/h,1022 mbar,47,,,,,,Không lành mạnh cho các nhóm nhạy cảm
Sương mù,1°C,91%,0 km/h,1022 mbar,18.5,23,22,,,,Trung bình
Nhiều mây,-1°C,69%,11.1 km/h,1029 mbar,4.3,,,,,,Tốt
Nhiều mây,-3°C,75%,33.6 km/h,1016 mbar,22,,,,,,Trung bình
Nhiều mây,-1°C,71%,9.3 km/h,1030 mbar,5,,,,,,Tốt
Nhiều mây,2°C,78%,9.3 km/h,1028 mbar,7.8,,,,,,Tốt
Mưa,5°C,95%,3.2 km/h,1026 mbar,2.3,,,,,,Tốt
Nhiều mây,9°C,84%,7.4 km/h,1021 mbar,12.1*,,,,,,Trung bình
Nhiều mây,4°C,97%,6.1 km/h,1020 mbar,23.1*,,,,0.8*,,Trung bình
Nhiều mây,1°C,78%,9.3 km/h,1023 mbar,11.1*,,,,,,Tốt
Nhiều mây,3°C,78%,6.4 km/h,1022 mbar,11.1*,,,,,,Tốt
Nhiều mây,11°C,74%,9.3 km/h,1024 mbar,7.1*,,,,,,Tốt
Mưa,12°C,94%,16.7 km/h,1019 mbar,6.5,,,,,,Tốt
Nhiều mây,0°C,84%,17.7 km/h,1001 mbar,14.3,17,27.1,12.7,,,Trung bình
Nhiều mây,-8°C,75%,7.3 km/h,1010 mbar,14.5,,,,,,Trung bình
Nhiều mây,-10°C,81%,10.7 km/h,1032 mbar,3.5,,,,,,Tốt
Nhiều mây,-3°C,68%,11.1 km/h,1023 mbar,2,,,,,,Tốt
Nhiều mây,-2°C,81%,19.3 km/h,1023 mbar,5.8,,,,,,Tốt
Nhiều mây,-8°C,85%,14.5 km/h,1016 mbar,2,,,3.8,0,0,Tốt
Trời quang,0°C,11%,1 km/h,1019 mbar,16,31,,29,1,1000,Trung bình
Nhiều mây,-1°C,90%,9.4 km/h,1013 mbar,10,,,,,,Tốt
Nhiều mây,6°C,100%,9.3 km/h,1003 mbar,16,22.4,16.6,14.9,,,Trung bình
Sương mù,-2°C,93%,5.5 km/h,998 mbar,26.2*,,,,,,Trung bình
Mây rải rác,0°C,92%,5.3 km/h,1012 mbar,19,,,,,,Trung bình
Nhiều mây,-1°C,94%,7.4 km/h,1010 mbar,14,20,,,,0,Trung bình
Nhiều mây,-1°C,95%,6.5 km/h,1012 mbar,5.1*,,,,,,Tốt
Trời quang,-2°C,93%,1.5 km/h,1012 mbar,23.3,,,,,,Trung bình
Trời quang,-2°C,91%,1.6 km/h,1018 mbar,16.7,19.8,,9,2.4,,Trung bình
Nhiều mây,-2°C,80%,4.3 km/h,1016 mbar,6.1*,,,,,,Tốt
Trời quang,-2°C,90%,4.4 km/h,1012 mbar,5.1,5.9,,2,,,Tốt
Ít mây,1°C,78%,9.6 km/h,1009 mbar,8,9.1,,18.2,,,Tốt
Mây rải rác,1°C,67%,9.3 km/h,1014 mbar,5.1*,,,,,,Tốt
Mây rải rác,14°C,64%,12.6 km/h,1015 mbar,18,22,,11.3,2.6,,Trung bình
Mưa,13°C,71%,15.6 km/h,1013 mbar,19,26,,33.8,2.6,,Trung bình
Mưa,13°C,62%,16.7 km/h,1013 mbar,14,17,,13.2,2.6,,Trung bình
Nhiều mây,12°C,49%,16.7 km/h,1011 mbar,19,25,,11.3,,,Trung bình
Nhiều mây,13°C,73%,6.2 km/h,1013 mbar,12,,,,,,Tốt
Nhiều mây,13°C,63%,1.6 km/h,1011 mbar,16,17,,35.7,,,Trung bình
Nhiều mây,13°C,59%,9.5 km/h,1013 mbar,12,15,,13.2,2.6,,Tốt
Nhiều mây,8°C,81%,9.3 km/h,1016 mbar,6,10,,3.8,,,Tốt
Nhiều mây,13°C,68%,30.3 km/h,1014 mbar,14.5,17.5,,14.1,1.3,,Trung bình
Nhiều mây,14°C,95%,9 km/h,994 mbar,0,,,,,,Tốt
Nhiều mây,13°C,87%,22.8 km/h,998 mbar,,,,24.5,,,Tốt
Mưa,8°C,97%,7 km/h,1011 mbar,4.1*,,,,,,Tốt
Nhiều mây,20°C,96%,9.3 km/h,1017 mbar,5,8,,6,2,,Tốt
Mây rải rác,-7°C,87%,9.6 km/h,1013 mbar,11.9,,,,,,Tốt
Nhiều mây,8°C,85%,1.9 km/h,1016 mbar,21.8,76.2,0,,,0,Trung bình
Ít mây,2°C,85%,13 km/h,1010 mbar,11.8,,,,,,Tốt
Trời quang,12°C,56%,14.5 km/h,1012 mbar,12,23.8,,,,,Tốt
Nhiều mây,8°C,82%,16.1 km/h,1014 mbar,3.4,,,,,,Tốt
Ít mây,14°C,82%,13 km/h,1018 mbar,3.8,,,,,,Tốt
Nhiều mây,11°C,84%,6.4 km/h,1015 mbar,1.9,,,,,,Tốt
Sương mù,11°C,91%,18.5 km/h,1004 mbar,2.2,,,,,,Tốt
Mây rải rác,11°C,86%,24.1 km/h,1003 mbar,0.7,,55.6,,,,Tốt
Trời quang,2°C,64%,0 km/h,1020 mbar,12.7,,,,,,Trung bình
Ít mây,-5°C,43%,14.8 km/h,1018 mbar,0.2,,,,,,Tốt
Nhiều mây,15°C,28%,11.3 km/h,1000 mbar,,,84,,,,Tốt
Ít mây,0°C,46%,3.3 km/h,1018 mbar,4,7,,,,,Tốt
Trời quang,1°C,35%,4.8 km/h,1015 mbar,3.9,,,,,,Tốt
Mây rải rác,19°C,85%,14.8 km/h,1019 mbar,18.8,,,,,,Trung bình
Nhiều mây,4°C,73%,7.4 km/h,1026 mbar,8.9,,,,,,Tốt
Nhiều mây,0°C,73%,0 km/h,1028 mbar,5,,,,,,Tốt
Sương mù,0°C,93%,5.5 km/h,1021 mbar,14.3,,,,,,Trung bình
Nhiều mây,1°C,80%,0 km/h,1027 mbar,8.1*,,,,,,Tốt
Nhiều mây,0°C,74%,20.4 km/h,1021 mbar,7.6,,,,,,Tốt
Trời quang,-8°C,79%,7.4 km/h,1027 mbar,10.1,,,,,,Tốt
Trời quang,-2°C,71%,16.7 km/h,1027 mbar,3.1,,,,,,Tốt
Nhiều mây,10°C,93%,7.7 km/h,1021 mbar,6,,,,,,Tốt
Nhiều mây,5°C,95%,4.8 km/h,1022 mbar,7.1*,,,,,,Tốt
Nhiều mây,9°C,69%,7.4 km/h,1023 mbar,7,11,,,,,Tốt
Nhiều mây,2°C,90%,0 km/h,1021 mbar,16.5,,,,,,Trung bình
Nhiều mây,1°C,76%,16.7 km/h,1028 mbar,14.2,,,39.5,0,,Trung bình
Nhiều mây,20°C,98%,7.8 km/h,1019 mbar,6.8,,38,,,,Tốt
Nhiều mây,4°C,52%,32.2 km/h,1017 mbar,5.5,,,,,,Tốt
Nhiều mây,5°C,69%,3.2 km/h,1026 mbar,8.7,,,,,,Tốt
Nhiều mây,8°C,83%,18.5 km/h,1024 mbar,5,,,,,,Tốt
Mưa,0°C,96%,5.5 km/h,1021 mbar,17.6,,,,,,Trung bình
Nhiều mây,0°C,93%,18.5 km/h,1011 mbar,13.1*,,,,,,Trung bình
Nhiều mây,24°C,79%,4.9 km/h,1010 mbar,8.1*,,,,,,Tốt
Trời quang,-7°C,75%,19.2 km/h,1029 mbar,5.1,,,5.8,0.3,,Tốt
Nhiều mây,-6°C,100%,5.5 km/h,1013 mbar,4.1*,,,,,,Tốt
Ít mây,-2°C,93%,10.4 km/h,1012 mbar,9.1*,,,,,,Tốt
Sương mù,-1°C,96%,5.5 km/h,1011 mbar,6.1*,,,,,,Tốt
Ít mây,-1°C,83%,6.9 km/h,1014 mbar,6.1*,,,,,,Tốt
Ít mây,0°C,83%,6.4 km/h,1005 mbar,10.1*,,,,,,Tốt
Nhiều mây,-2°C,91%,1.8 km/h,1013 mbar,18,,,,,,Trung bình
Nhiều mây,-1°C,86%,0 km/h,1010 mbar,6.1*,,,,,,Tốt
Nhiều mây,0°C,94%,6.5 km/h,1012 mbar,4.1*,,,,,,Tốt
Tuyết,-2°C,93%,1.7 km/h,1012 mbar,11,15.9,,18.9,,,Tốt
Nhiều mây,-1°C,80%,4.8 km/h,1011 mbar,6.5,10,,11.5,,,Tốt
Nhiều mây,-4°C,88%,5.5 km/h,1012 mbar,12.9,15.4,,3.1,2.1,,Trung bình
Mây rải rác,0°C,97%,9.4 km/h,1012 mbar,22.5,30.5,,17,,,Trung bình
Nhiều mây,0°C,92%,5.1 km/h,1013 mbar,10,15,,,,,Tốt
Sương mù,0°C,100%,14.8 km/h,1009 mbar,31.2,,,,,,Trung bình
Mưa,11°C,97%,9 km/h,998 mbar,2.1*,,,,,,Tốt
Ít mây,7°C,72%,4.8 km/h,997 mbar,1.8,,,,,,Tốt
Nhiều mây,9°C,70%,2.3 km/h,998 mbar,4.1*,,,,,,Tốt
Nhiều mây,14°C,57%,3.9 km/h,1012 mbar,13,,,18.8,,,Trung bình
Nhiều mây,13°C,64%,21.1 km/h,1014 mbar,14.1*,,,,,,Trung bình
Mưa,8°C,90%,22.2 km/h,1018 mbar,3,1,,3.8,,,Tốt
Mây rải rác,15°C,64%,24 km/h,1016 mbar,11,,,,,,Tốt
Nhiều mây,5°C,75%,5.5 km/h,1015 mbar,3,,,3.8,,,Tốt
Nhiều mây,13°C,69%,10 km/h,1013 mbar,12,15,,15,2.6,,Tốt
Nhiều mây,15°C,53%,14.5 km/h,1009 mbar,11,11,,18.8,2.6,,Tốt
Nhiều mây,12°C,59%,10.9 km/h,1011 mbar,10,10,,9.4,,343.5,Tốt
Nhiều mây,12°C,58%,19.4 km/h,1017 mbar,13,16,,7.5,2.6,,Trung bình
Mây rải rác,-13°C,98%,4.3 km/h,1013 mbar,29.5,27.6,,,3.7,,Trung bình
Nhiều mây,-2°C,91%,13 km/h,1010 mbar,22.5,30,4,14.8,1.1,,Trung bình
Trời quang,0°C,93%,6.4 km/h,1009 mbar,14.3,18.5,,,,,Trung bình
Mưa,16°C,89%,4.8 km/h,1010 mbar,2.6,4.7,,,2.7,,Tốt
Mưa rào,16°C,100%,29.6 km/h,1004 mbar,,,,10,1,,Tốt
Trời quang,2°C,82%,4.8 km/h,1010 mbar,14,18,,41,2,,Trung bình
Mưa,5°C,89%,5.9 km/h,1007 mbar,,,3.5,,1,,Tốt
Nhiều mây,1°C,93%,6.8 km/h,1008 mbar,6,12,,,2,,Tốt
Nhiều mây,11°C,91%,20.4 km/h,1004 mbar,1.8,,,,,,Tốt
Nhiều mây,9°C,62%,37 km/h,1006 mbar,1.2,,,,,,Tốt
Nhiều mây,11°C,91%,11.3 km/h,1003 mbar,3.2,,,,,,Tốt
Mưa,11°C,87%,24.1 km/h,1003 mbar,7.5,,,,,,Tốt
Mưa,12°C,87%,14.8 km/h,1017 mbar,4.3,,,,,,Tốt
Nhiều mây,13°C,87%,7.4 km/h,1016 mbar,2.4,,,,,,Tốt
Nhiều mây,10°C,86%,6.4 km/h,1015 mbar,0.1,,,,,,Tốt
Trời quang,19°C,85%,11.1 km/h,1020 mbar,29.5,,,,,,Trung bình
Nhiều mây,1°C,96%,0 km/h,1021 mbar,13,,,,,,Trung bình
Nhiều mây,19°C,85%,16.7 km/h,1020 mbar,19.1,,,,,,Trung bình
Nhiều mây,20°C,91%,1.6 km/h,1019 mbar,7.4,,50,,,,Tốt
Nhiều mây,0°C,76%,14.8 km/h,1029 mbar,2.3,,,,,,Tốt
Nhiều mây,1°C,76%,9.6 km/h,1019 mbar,8.8,,,,2.6,,Tốt
Nhiều mây,1°C,87%,0 km/h,1021 mbar,18.4,,,,,,Trung bình
Nhiều mây,-1°C,68%,6.4 km/h,1029 mbar,9.1*,,,,,,Tốt
Sương mù,4°C,95%,0 km/h,1022 mbar,14.5,,,,,,Trung bình
Trời quang,7°C,88%,14.8 km/h,997 mbar,0.6,,,,,,Tốt
Nhiều mây,1°C,76%,5.5 km/h,1026 mbar,8.1*,,,,,,Tốt
Nhiều mây,6°C,92%,14.5 km/h,998 mbar,4,,,,,,Tốt
Nhiều mây,21°C,83%,7.4 km/h,1016 mbar,9,,,,,,Tốt
Nhiều mây,-3°C,74%,14.5 km/h,1019 mbar,0.1,,,,,,Tốt
Nhiều mây,2°C,65%,4.2 km/h,1022 mbar,11.5,,,,,,Tốt
Nhiều mây,-1°C,84%,6.4 km/h,1009 mbar,16,17,21,,2,,Trung bình
Nhiều mây,-8°C,91%,12.1 km/h,1015 mbar,12.9,,,,0,,Trung bình
Trời quang,4°C,29%,7.6 km/h,1014 mbar,3,16,33,12,4,600,Tốt
Mây rải rác,0°C,87%,16.8 km/h,1012 mbar,,,,8.9,,,Tốt
Nhiều mây,-5°C,93%,3.7 km/h,1012 mbar,26,26.6,26.4,25.4,,,Trung bình
Nhiều mây,-2°C,86%,5.5 km/h,1011 mbar,14.3,15,47.9,9.6,,,Trung bình
Trời quang,-5°C,86%,4.9 km/h,1014 mbar,,,,29.8,,,Tốt
Trời quang,-5°C,93%,1.8 km/h,1012 mbar,4.1*,,,,,,Tốt
Trời quang,-2°C,90%,4.3 km/h,1013 mbar,7.1*,,,,,,Tốt
Sương mù,-1°C,92%,13 km/h,1012 mbar,24.1*,,,,,,Trung bình
Trời quang,-2°C,86%,7.4 km/h,1012 mbar,5.1*,,,,,,Tốt
Trời quang,-4°C,93%,11.1 km/h,1011 mbar,4.1*,,,,,,Tốt
Nhiều mây,-1°C,93%,7.4 km/h,1011 mbar,3.1*,,,,,,Tốt
Nhiều mây,1°C,87%,14.8 km/h,1010 mbar,25.6,31.3,,10.3,,,Trung bình
Ít mây,-1°C,90%,8.7 km/h,1012 mbar,16.8,19.1,39,5.9,,,Trung bình
Nhiều mây,1°C,87%,13 km/h,1010 mbar,18.9,23.1,46.5,8,0.6,,Trung bình
Trời quang,-2°C,89%,3.2 km/h,1013 mbar,18,20,3,,,,Trung bình
Trời quang,-2°C,88%,3.4 km/h,1012 mbar,3.1*,,,,,,Tốt
Nhiều mây,-1°C,95%,2.5 km/h,1012 mbar,21,25,,,,,Trung bình
Trời quang,-17°C,94%,6.3 km/h,1043 mbar,1.2,0.9,,,,,Tốt
Mưa,11°C,88%,5.3 km/h,1008 mbar,1,3,,,,,Tốt
Mưa,18°C,41%,9.2 km/h,1004 mbar,1,3,,,,,Tốt
Mưa,17°C,55%,20.4 km/h,1006 mbar,1,4,,,,,Tốt
Mưa,12°C,84%,3.2 km/h,1002 mbar,1,2,,,,,Tốt
Mưa,18°C,69%,7.2 km/h,1006 mbar,1,2,,,,,Tốt
Mưa,16°C,69%,7.5 km/h,1008 mbar,2.1*,,,,,,Tốt
Mưa,18°C,84%,63.2 km/h,993 mbar,16,19,,1,,,Trung bình
Nhiều mây,15°C,95%,29.2 km/h,1008 mbar,1,2,,,,,Tốt
Mưa,14°C,93%,2.4 km/h,1008 mbar,1,3,,,,,Tốt
Nhiều mây,13°C,94%,28.1 km/h,1005 mbar,0,2,,,,,Tốt
Mưa,13°C,94%,18.9 km/h,1007 mbar,2,5,,,,,Tốt
Nhiều mây,-12°C,97%,8.2 km/h,1027 mbar,2.6,3,,,,,Tốt
Nhiều mây,-11°C,93%,13.1 km/h,1018 mbar,2.6,2.6,,,,,Tốt
Nhiều mây,-8°C,67%,7.4 km/h,1029 mbar,1.1*,,,,,,Tốt
Nhiều mây,-3°C,93%,11.1 km/h,1012 mbar,4.7,6,,30.1,,,Tốt
Trời quang,12°C,68%,7.4 km/h,1009 mbar,14,18,11,14,3,0.2,Trung bình
Nhiều mây,25°C,68%,9.3 km/h,1017 mbar,0.1,,,,,,Tốt
Nhiều mây,7°C,97%,5 km/h,998 mbar,0.6,,,,,,Tốt
Nhiều mây,16°C,97%,22.2 km/h,998 mbar,2,,,,,,Tốt
Tuyết,-1°C,90%,37.2 km/h,1018 mbar,7,,,,,,Tốt
Nhiều mây,7°C,92%,11.1 km/h,997 mbar,10.5,,,,,,Tốt
Nhiều mây,17°C,56%,22.6 km/h,1005 mbar,1,2,,,,,Tốt
Mưa,17°C,46%,4.8 km/h,1004 mbar,1,2,,,,,Tốt
Mưa,18°C,68%,20.4 km/h,1006 mbar,1,2,,,,,Tốt
Trời quang,21°C,89%,1.6 km/h,1014 mbar,2.6,,,,,,Tốt
Nhiều mây,0°C,63%,9.6 km/h,1011 mbar,2.1*,,,,,,Tốt
Nhiều mây,-5°C,92%,5.8 km/h,1008 mbar,1.4,,,4.7,2.6,,Tốt
Mưa,4°C,96%,14.5 km/h,994 mbar,2.1*,,,,,,Tốt
Trời quang,24°C,72%,15 km/h,1018 mbar,3.1*,,,,,,Tốt
Mưa,12°C,90%,9.8 km/h,1008 mbar,1,2,,,,,Tốt
Ít mây,27°C,60%,18.5 km/h,1015 mbar,2.8,11,,,2.6,,Tốt
Trời quang,14°C,33%,0 km/h,1017 mbar,8.3,,,,,,Tốt
Nhiều mây,1°C,90%,3.8 km/h,1011 mbar,2.4,2.7,,,,,Tốt
Nhiều mây,-8°C,67%,7.4 km/h,1029 mbar,1.1*,,,,,,Tốt
Nhiều mây,-4°C,92%,7.2 km/h,1006 mbar,4.5,3,,,1.4,,Tốt
Nhiều mây,29°C,24%,9.8 km/h,1003 mbar,5.1,,,,,,Tốt
Mưa,13°C,78%,16.8 km/h,1007 mbar,1,3,,,,,Tốt
Mưa,13°C,84%,22.8 km/h,1006 mbar,1,2,,,,,Tốt
Nhiều mây,17°C,67%,24.4 km/h,1006 mbar,1,6,,,,,Tốt
Nhiều mây,7°C,85%,14.8 km/h,1009 mbar,0.2,,,,,,Tốt
Nhiều mây,7°C,88%,22.2 km/h,996 mbar,0.9,,,,,,Tốt
Nhiều mây,7°C,93%,11.3 km/h,998 mbar,2.5,,,,,,Tốt
Trời quang,10°C,48%,0.5 km/h,1018 mbar,6.1,,,,,,Tốt
Trời quang,12°C,55%,13 km/h,1014 mbar,3.1*,,,,,,Tốt
Nhiều mây,10°C,35%,6.4 km/h,1030 mbar,1.8,,,,,,Tốt
Mưa,18°C,68%,20.4 km/h,1006 mbar,1,3,,,,,Tốt
Mưa,19°C,47%,13.8 km/h,1006 mbar,1.2,,,,,,Tốt
Mưa,20°C,94%,37 km/h,1013 mbar,1,7,,1,,,Tốt
Nhiều mây,16°C,100%,38.9 km/h,1009 mbar,1,23,,3,,,Tốt
Trời quang,30°C,36%,14.9 km/h,1012 mbar,2.1*,,,,,,Tốt
Trời quang,18°C,38%,15.1 km/h,1015 mbar,,1,,,,,Tốt
Nhiều mây,7°C,65%,13 km/h,997 mbar,1.2,,,,,,Tốt
Trời quang,13°C,37%,1.6 km/h,1017 mbar,1.2,,,,,,Tốt
Mây rải rác,30°C,99%,16.5 km/h,1010 mbar,3.1*,,,,,,Tốt
Mưa,16°C,90%,8.2 km/h,1018 mbar,4.1*,,,,0*,,Tốt
Mưa,12°C,97%,5.5 km/h,1008 mbar,1,3,,,,,Tốt
Ít mây,25°C,65%,31.5 km/h,1016 mbar,2.1*,,,,,,Tốt
Nhiều mây,25°C,70%,35.2 km/h,1015 mbar,6.1,16,,,,,Tốt
Mưa,20°C,70%,11.3 km/h,1012 mbar,3.9,,,,,,Tốt
Nhiều mây,-3°C,93%,11.1 km/h,1012 mbar,2.1,3.5,,30.1,,,Tốt
Ít mây,-23°C,77%,10.8 km/h,1042 mbar,1.2,3.3,,,,,Tốt
Trời quang,-5°C,72%,35.2 km/h,1019 mbar,2.6,3,,,,,Tốt
Ít mây,26°C,50%,13 km/h,1016 mbar,0.1,,,,,,Tốt
Trời quang,-5°C,51%,23.8 km/h,1025 mbar,7.1*,,,,,,Tốt
Nhiều mây,26°C,61%,35.2 km/h,1016 mbar,5.9,23,,,,,Tốt
Trời quang,23°C,49%,26.4 km/h,1016 mbar,7.1*,,,,,,Tốt
Mưa,14°C,91%,9.9 km/h,1006 mbar,0,1,,,,,Tốt
Trời quang,-24°C,98%,7.2 km/h,1044 mbar,1.7,4.5,,5.4,0,,Tốt
Nhiều mây,6°C,92%,5.2 km/h,997 mbar,2,,,,,,Tốt
Mưa,26°C,52%,13 km/h,1009 mbar,2.7,,,,,,Tốt
Mưa,5°C,96%,4.8 km/h,997 mbar,,,51.9,1.2,0.5,,Tốt
Mây rải rác,-3°C,63%,31 km/h,1032 mbar,5.3,,,0.4,,,Tốt
Tuyết,-3°C,93%,7.4 km/h,1013 mbar,3.3,,,,,,Tốt
Trời quang,24°C,69%,16.8 km/h,1014 mbar,1.1,,,,,,Tốt
Trời quang,12°C,61%,4.8 km/h,1018 mbar,9,,,,,,Tốt
Trời quang,4°C,38%,7.4 km/h,1021 mbar,1.7,,,,,,Tốt
Trời quang,12°C,29%,9.4 km/h,1017 mbar,3,2,,,,,Tốt
Trời quang,24°C,76%,25.7 km/h,1016 mbar,4.7,,,,,,Tốt
Trời quang,6°C,85%,14.8 km/h,997 mbar,0.1,,,,,,Tốt
Nhiều mây,0°C,100%,8.6 km/h,1002 mbar,2.7,,,,,,Tốt
Nhiều mây,6°C,99%,4.7 km/h,998 mbar,0.2,,,,,,Tốt
Trời quang,26°C,59%,17.7 km/h,1010 mbar,2.8,,,,,,Tốt
Nhiều mây,27°C,65%,4.8 km/h,1013 mbar,2.7,,,,,,Tốt
Mưa,13°C,88%,11.1 km/h,1008 mbar,1,3,,,,,Tốt
Nhiều mây,-22°C,99%,5.1 km/h,1025 mbar,2.2,,,0,0,114.5,Tốt
Nhiều mây,-7°C,91%,7.4 km/h,1026 mbar,3.1,6.1,32.8,0.3,0,0.2,Tốt
Nhiều mây,6°C,83%,22.5 km/h,1014 mbar,,,14,,,,Tốt
Trời quang,0°C,54%,7.6 km/h,1030 mbar,3.4,,,12.2,5.4,,Tốt
Ít mây,21°C,93%,4.6 km/h,1015 mbar,2.1*,,,,,,Tốt
Nhiều mây,12°C,53%,6 km/h,1009 mbar,2,5,33,23,3,0.1,Tốt
Ít mây,23°C,70%,5.3 km/h,1015 mbar,0.1,,,,,,Tốt
Nhiều mây,7°C,94%,4.2 km/h,999 mbar,3.9,,,,,,Tốt
Mưa,6°C,98%,2.7 km/h,998 mbar,2.1,,,,,,Tốt
Sương mù,7°C,96%,0 km/h,997 mbar,10.7,,,,,,Tốt
Nhiều mây,7°C,86%,17.7 km/h,1002 mbar,0.1,,,,,,Tốt
Nhiều mây,6°C,95%,4.8 km/h,998 mbar,2.7,,,,,,Tốt
Ít mây,27°C,60%,18.5 km/h,1015 mbar,3.5,17.7,,3.8,2.6,,Tốt
Mưa,14°C,94%,14.8 km/h,1008 mbar,2,4,,,,,Tốt
Mưa,13°C,95%,10.9 km/h,1005 mbar,1,1,,,,,Tốt
Mây rải rác,27°C,83%,14.8 km/h,1013 mbar,7.2,,,,,,Tốt
Trời quang,5°C,70%,17.2 km/h,1007 mbar,1,,,,,,Tốt
Trời quang,21°C,89%,6.4 km/h,1011 mbar,2.6,,,,,,Tốt
Trời quang,12°C,58%,13 km/h,1019 mbar,3.1*,,,,,,Tốt
Trời quang,13°C,59%,9 km/h,1017 mbar,9.8,,,,,,Tốt
Trời quang,8°C,41%,6.8 km/h,1020 mbar,1.7,,,,,,Tốt
Nhiều mây,26°C,70%,12.8 km/h,1015 mbar,1.5,,,,,,Tốt
Nhiều mây,26°C,70%,11.2 km/h,1014 mbar,0.9,,,,,,Tốt
Mưa,13°C,82%,6.2 km/h,1008 mbar,1.1*,,,,,,Tốt
Mưa,3°C,96%,7.1 km/h,998 mbar,0.3,,,,,,Tốt
Nhiều mây,20°C,82%,14.4 km/h,1014 mbar,4.1*,,,,,,Tốt
Nhiều mây,28°C,82%,2.5 km/h,1010 mbar,12.5,16.4,10.8,2.3,3,,Trung bình
Nhiều mây,12°C,70%,10.1 km/h,1009 mbar,6.1*,,,,,,Tốt
Nhiều mây,1°C,95%,6.2 km/h,1016 mbar,6.7,10.2,,57.9,,,Tốt
Nhiều mây,25°C,66%,35.2 km/h,1016 mbar,4.1*,,,,,,Tốt
Nhiều mây,0°C,96%,13.7 km/h,1020 mbar,0.5,,,,,,Tốt
Nhiều mây,6°C,100%,18.5 km/h,1000 mbar,1.7,,,,,,Tốt
Nhiều mây,8°C,94%,0 km/h,997 mbar,0.2,,,,,,Tốt
Mưa,7°C,94%,7.4 km/h,997 mbar,2.8,,,,,,Tốt
Mưa,6°C,92%,16.7 km/h,998 mbar,0.5,,,,,,Tốt
Nhiều mây,5°C,95%,5.5 km/h,996 mbar,11,,,,,,Tốt
Mưa,5°C,88%,9.3 km/h,997 mbar,0.3,,,,,,Tốt
Mây rải rác,25°C,41%,29.6 km/h,1010 mbar,2,,,,,,Tốt
Nhiều mây,6°C,94%,8 km/h,996 mbar,7.2,,,,,,Tốt
Nhiều mây,-2°C,79%,35.2 km/h,1026 mbar,4.9,,,,,,Tốt
Nhiều mây,-7°C,93%,5.5 km/h,1011 mbar,7.3,,,13.6,,,Tốt
Nhiều mây,-4°C,86%,18.5 km/h,1017 mbar,5.5,5.8,,3.9,,,Tốt
Trời quang,22°C,87%,1.6 km/h,1015 mbar,5,,,,,,Tốt
Trời quang,13°C,59%,13 km/h,1018 mbar,9.3,,,,,,Tốt
Trời quang,-6°C,63%,16.7 km/h,1033 mbar,0.6,,,,,,Tốt
Nhiều mây,30°C,48%,18.4 km/h,1012 mbar,7.9,24.3,,,,,Tốt
Nhiều mây,28°C,57%,20.4 km/h,1013 mbar,8.2,22.9,,,,,Tốt
Ít mây,27°C,59%,18.5 km/h,1015 mbar,3.1*,,,,,,Tốt
Mây rải rác,-23°C,94%,9.4 km/h,1023 mbar,3.5,7.3,,,0.5,,Tốt
Nhiều mây,-4°C,60%,22.5 km/h,1029 mbar,5.6,,,1.9,0,,Tốt
Nhiều mây,-4°C,85%,7.4 km/h,1009 mbar,4.7,5.5,,4.8,,,Tốt
Nhiều mây,-11°C,87%,9.3 km/h,1013 mbar,2.8,,,,,,Tốt
Trời quang,6°C,52%,8.1 km/h,1016 mbar,9.6,,,,,,Tốt
Ít mây,25°C,68%,25.9 km/h,1018 mbar,2.1*,,,,,,Tốt
Nhiều mây,6°C,88%,22.2 km/h,997 mbar,0.2,,,,,,Tốt
Nhiều mây,6°C,92%,4.8 km/h,997 mbar,3.8,,,,,,Tốt
Nhiều mây,7°C,92%,27.4 km/h,998 mbar,1.3,,,,,,Tốt
Nhiều mây,5°C,93%,5.5 km/h,998 mbar,0.9,,,,,,Tốt
Mưa,18°C,40%,8.3 km/h,1004 mbar,1,2,,,,,Tốt
Mưa,14°C,88%,11.1 km/h,1008 mbar,1,3,,,,,Tốt
Mưa,13°C,78%,3.9 km/h,1008 mbar,1,4,,,,,Tốt
Nhiều mây,28°C,53%,17.4 km/h,1012 mbar,7.9,,,,,,Tốt
Nhiều mây,1°C,92%,14.8 km/h,995 mbar,1.7,,,,,,Tốt
Nhiều mây,-23°C,100%,2.1 km/h,1023 mbar,4.2,8.6,,6.2,,,Tốt
Mây rải rác,-17°C,86%,15.3 km/h,1029 mbar,1.1*,,,,,,Tốt
Trời quang,21°C,90%,3.2 km/h,1013 mbar,1.4,,,,,,Tốt
Nhiều mây,13°C,63%,7.7 km/h,1011 mbar,7,13,62,4,,,Tốt
Tuyết,-6°C,86%,18.5 km/h,1010 mbar,5,9.6,,,,,Tốt
Trời quang,25°C,70%,16.6 km/h,1014 mbar,2.1*,,,,,,Tốt
Trời quang,22°C,57%,30.2 km/h,1014 mbar,1.5,,,,,,Tốt
Nhiều mây,6°C,88%,7.4 km/h,997 mbar,0.9,,,,,,Tốt
Nhiều mây,6°C,93%,11.1 km/h,996 mbar,2.5,,,,,,Tốt
Nhiều mây,6°C,87%,14.8 km/h,997 mbar,0.7,,,,,,Tốt
Sương mù,7°C,96%,0 km/h,997 mbar,4.1*,,,,,,Tốt
Nhiều mây,6°C,92%,14.8 km/h,997 mbar,2.4,,,,,,Tốt
Nhiều mây,6°C,88%,16.7 km/h,997 mbar,0.2,,,,,,Tốt
Nhiều mây,5°C,93%,24.2 km/h,998 mbar,2.8,,,,,,Tốt
Nhiều mây,27°C,57%,20.4 km/h,1013 mbar,6.9,23.5,,1.9,5.2,,Tốt
Mây rải rác,27°C,57%,20.4 km/h,1013 mbar,1.9,,,,,,Tốt
Trời quang,-3°C,77%,5.3 km/h,1013 mbar,7,11,,5,1,,Tốt
Nhiều mây,-3°C,99%,4.5 km/h,1013 mbar,9.4,12,,,1,2.4,Tốt
Tuyết,-4°C,99%,18.5 km/h,1011 mbar,2.3,2.7,,5.7,,,Tốt
Ít mây,-4°C,91%,4.1 km/h,1013 mbar,12.1*,,,,,,Trung bình
Nhiều mây,24°C,73%,7.4 km/h,1015 mbar,11,16.5,9.8,10.7,,0.2,Tốt
Nhiều mây,-3°C,92%,1.6 km/h,1012 mbar,9,9,,2,,,Tốt
Mây rải rác,15°C,79%,27.6 km/h,999 mbar,9.1*,,,,,,Tốt
Mưa,15°C,96%,38.7 km/h,1005 mbar,,17,,1,,,Tốt
Mưa,14°C,62%,9.3 km/h,1010 mbar,1,8,57,12,3,0.2,Tốt
Nhiều mây,-4°C,92%,11.8 km/h,1012 mbar,2,2.9,,2,,,Tốt
Mây rải rác,-8°C,100%,11.1 km/h,1012 mbar,3,4.2,,13.4,,,Tốt
Nhiều mây,1°C,95%,6.4 km/h,1016 mbar,2.8,4.2,,25.6,,,Tốt
Nhiều mây,1°C,95%,6.2 km/h,1014 mbar,7.1*,,,,,,Tốt
Nhiều mây,0°C,93%,8 km/h,1011 mbar,18.5,20.3,,39,,,Trung bình
Nhiều mây,1°C,88%,5.5 km/h,1008 mbar,9.1*,,,,,,Tốt
Nhiều mây,-8°C,62%,12.5 km/h,1017 mbar,8.3,,,,,,Tốt
Trời quang,0°C,48%,20.4 km/h,1022 mbar,2.8,,,,,,Tốt
Mây rải rác,21°C,76%,4.9 km/h,1016 mbar,3,,,,,,Tốt
Ít mây,9°C,35%,9.4 km/h,1015 mbar,14,16,,0,0,0,Trung bình
Trời quang,2°C,47%,5.5 km/h,1022 mbar,2.2,,,,,,Tốt
Nhiều mây,6°C,90%,5.5 km/h,995 mbar,0.4,,,,,,Tốt
Trời quang,5°C,59%,3.2 km/h,1022 mbar,5.5,,,,,,Tốt
Trời quang,6°C,60%,1.6 km/h,1020 mbar,3.9,,,,,,Tốt
Nhiều mây,3°C,76%,15 km/h,1003 mbar,0.1,,,,,,Tốt
Nhiều mây,6°C,85%,19.3 km/h,996 mbar,0.6,,,,,,Tốt
Nhiều mây,27°C,57%,20.4 km/h,1013 mbar,8.1,21.9,,3.8,,,Tốt
Tuyết,-8°C,96%,8.4 km/h,1010 mbar,4,5,,,,,Tốt
Nhiều mây,5°C,93%,14.8 km/h,996 mbar,1.6,,,,0.9,,Tốt
Mưa,5°C,96%,14.8 km/h,997 mbar,6.4,,10.5,40,0.5,255.9,Tốt
Mưa rào,1°C,78%,24.1 km/h,1016 mbar,2.5,5.1,36.2,0.5,0,0.1,Tốt
Nhiều mây,-1°C,67%,31.4 km/h,1029 mbar,5.5,,,0,0.8,,Tốt
Nhiều mây,-9°C,100%,3.3 km/h,1016 mbar,3,,,0.1,,,Tốt
Nhiều mây,-3°C,65%,6.7 km/h,1011 mbar,1.2,1.3,0.9,1.4,0.7,,Tốt
Nhiều mây,-5°C,99%,16.7 km/h,1014 mbar,8.2,9.7,,,,,Tốt
Nhiều mây,-6°C,81%,3.7 km/h,1012 mbar,5,7,48,,,,Tốt
Trời quang,0°C,53%,8 km/h,1030 mbar,3,7.5,,32.6,9,,Tốt
Trời quang,-7°C,59%,11 km/h,1031 mbar,1.6,3.7,,1.4,3.1,,Tốt
Nhiều mây,10°C,97%,20.9 km/h,1006 mbar,5,10,,1,,,Tốt
Mây rải rác,-9°C,100%,11.1 km/h,1012 mbar,0*,0*,,,,,Tốt
Nhiều mây,1°C,95%,6.2 km/h,1014 mbar,9.4,12,,40.2,,,Tốt
Nhiều mây,0°C,94%,7.4 km/h,1010 mbar,4.1,5.1,,26.4,,,Tốt
Tuyết,2°C,89%,18.5 km/h,1013 mbar,3.2,7,,36.8,,,Tốt
Nhiều mây,6°C,97%,5.4 km/h,1000 mbar,3.5,,,,,,Tốt
Nhiều mây,6°C,92%,13 km/h,999 mbar,1.6,,,,,,Tốt
Ít mây,7°C,89%,0 km/h,998 mbar,0.7,,,,,,Tốt
Nhiều mây,6°C,93%,3.2 km/h,997 mbar,2.6,,,,,,Tốt
Nhiều mây,6°C,93%,3.2 km/h,997 mbar,2.6,,,,,,Tốt
Nhiều mây,6°C,91%,6 km/h,997 mbar,0.7,,,,,,Tốt
Mây rải rác,26°C,71%,14.8 km/h,1014 mbar,3.3,,,,,,Tốt
Tuyết,0°C,98%,6 km/h,1001 mbar,0.3,,,,,,Tốt
Nhiều mây,27°C,57%,20.4 km/h,1013 mbar,7.9,21.2,,3.8,,,Tốt
Nhiều mây,27°C,63%,14.6 km/h,1015 mbar,3.1*,,,,,,Tốt
Mưa,12°C,15%,3.7 km/h,1008 mbar,1,2,,,,,Tốt
Trời quang,-7°C,52%,10.1 km/h,1032 mbar,6,,,,,,Tốt
Nhiều mây,-5°C,89%,22.2 km/h,1025 mbar,3.4,3.9,,3,,,Tốt
Nhiều mây,-5°C,97%,6.7 km/h,1012 mbar,3.2,3.5,,,2.7,,Tốt
Ít mây,-8°C,80%,15.2 km/h,1025 mbar,1.1*,12.8*,,,,,Tốt
Ít mây,-8°C,80%,15.2 km/h,1025 mbar,1.1*,12.8*,,,,,Tốt
Trời quang,-7°C,100%,10.3 km/h,1023 mbar,16.1,16.4,,,,,Trung bình
Mưa,21°C,95%,37 km/h,1013 mbar,6,9,,,1,,Tốt
Nhiều mây,-5°C,93%,11.1 km/h,1013 mbar,4.2,5.8,,,,,Tốt
Nhiều mây,-4°C,93%,11.1 km/h,1013 mbar,3.5,5.2,,,,,Tốt
Nhiều mây,-8°C,86%,11.1 km/h,1013 mbar,2.5,,,,,,Tốt
Tuyết,1°C,95%,18.5 km/h,1010 mbar,4.1*,,,,,,Tốt
Mưa,1°C,94%,7.4 km/h,1010 mbar,1.3,2.6,,18.4,0.5,,Tốt
Tuyết,1°C,99%,6.5 km/h,1011 mbar,4.1,5.5,,38.5,3.1,,Tốt
Nhiều mây,1°C,95%,6.3 km/h,1013 mbar,8.2,11.3,,47.6,,,Tốt
Trời quang,20°C,86%,14.1 km/h,1020 mbar,11.1*,,,,,,Tốt
Mây rải rác,26°C,71%,14.8 km/h,1014 mbar,3.3,,,,,,Tốt
Nhiều mây,6°C,88%,16.7 km/h,997 mbar,0,,,,,,Tốt
Nhiều mây,6°C,94%,6.4 km/h,995 mbar,0.2,,,,,,Tốt
Mưa,5°C,91%,12.9 km/h,997 mbar,3.4,,,,,,Tốt
Mưa,6°C,89%,9.3 km/h,996 mbar,1.3,,,,,,Tốt
Nhiều mây,22°C,62%,25.9 km/h,1006 mbar,2.9,,,,,,Tốt
Trời quang,21°C,61%,10 km/h,1014 mbar,2.1*,,,,,,Tốt
Tuyết,-15°C,95%,13 km/h,1020 mbar,32.2*,,,,,,Trung bình
Mưa,5°C,73%,8.2 km/h,987 mbar,4.3,,,,,,Tốt
Ít mây,23°C,88%,18.5 km/h,1015 mbar,2.1*,,,,,,Tốt
Nhiều mây,-5°C,94%,11.3 km/h,1015 mbar,2.8,2.8,,4.3,,,Tốt
Ít mây,8°C,84%,18.4 km/h,1001 mbar,4.1*,,,,,,Tốt
Trời quang,20°C,88%,5.5 km/h,1014 mbar,2.1*,,,,,,Tốt
Trời quang,22°C,82%,2.1 km/h,1016 mbar,5.1*,,12*,7.1*,0.2*,,Tốt
Trời quang,-4°C,93%,3.7 km/h,1013 mbar,10,14,,,1,,Tốt
Nhiều mây,12°C,70%,12 km/h,1009 mbar,11,14,9,22,3,0.7,Tốt
Tuyết,1°C,91%,14.3 km/h,1012 mbar,3.6,4.3,,6,,,Tốt
Mây rải rác,11°C,71%,0 km/h,1018 mbar,8,13,,,,,Tốt
Mưa,7°C,79%,8.1 km/h,998 mbar,2.9,,,,,,Tốt
Trời quang,-8°C,45%,4.2 km/h,1031 mbar,5.4,,54,,0,,Tốt
Nhiều mây,4°C,95%,14.8 km/h,995 mbar,3.2,5.1,26.4,27.5,0.5,,Tốt
Nhiều mây,6°C,99%,4 km/h,999 mbar,2.9,,,,1.3,,Tốt
Ít mây,-2°C,81%,16.1 km/h,1026 mbar,6.1,,,,0.5,,Tốt
Nhiều mây,-2°C,31%,14.8 km/h,1027 mbar,1,,,3.2,,,Tốt
Ít mây,23°C,42%,6.6 km/h,1014 mbar,6,17,,,,,Tốt
Nhiều mây,-2°C,85%,21.5 km/h,1016 mbar,9.4,10.4,,,1.9,,Tốt
Nhiều mây,-3°C,96%,8.6 km/h,1018 mbar,4.5,7.1,,5.3,,,Tốt
Nhiều mây,-5°C,98%,6.8 km/h,1017 mbar,4.5,6.7,,6.6,,,Tốt
Nhiều mây,-10°C,97%,1.4 km/h,1016 mbar,7.1,7.4,,,,,Tốt
Mưa,16°C,97%,37 km/h,1003 mbar,3.1*,,,,,,Tốt
Trời quang,21°C,84%,8.5 km/h,1016 mbar,3.4,,,,,,Tốt
Nhiều mây,11°C,61%,6.2 km/h,1009 mbar,5,5,11,30,8,0.2,Tốt
Nhiều mây,1°C,95%,11.3 km/h,1007 mbar,1.8,3.1,,17.3,,,Tốt
Nhiều mây,1°C,94%,7.4 km/h,1011 mbar,9.8,24.8,,,,,Tốt
Nhiều mây,-19°C,98%,5.4 km/h,1014 mbar,2.7,,,,,,Tốt
Trời quang,8°C,40%,4.8 km/h,1018 mbar,1.5,,,,,,Tốt
Trời quang,12°C,59%,7.4 km/h,1025 mbar,22.3,19.4,67,,,,Trung bình
Trời quang,4°C,51%,0 km/h,1021 mbar,1.4,,,,,,Tốt
Sương mù,8°C,95%,5.5 km/h,999 mbar,5.9,,,,,,Tốt
Nhiều mây,7°C,98%,1.6 km/h,1002 mbar,2.2,,,,,,Tốt
Trời quang,5°C,45%,4.8 km/h,1019 mbar,7.5,,,,,,Tốt
Nhiều mây,7°C,67%,11.6 km/h,999 mbar,2.5,,,,,,Tốt
Nhiều mây,6°C,83%,5.3 km/h,999 mbar,0.5,,,,,,Tốt
Nhiều mây,5°C,90%,6.7 km/h,998 mbar,0.6,,,,,,Tốt
Nhiều mây,7°C,90%,22.2 km/h,996 mbar,0.4,,,,,,Tốt
Mưa,4°C,89%,19.6 km/h,1002 mbar,0.3,,,,,,Tốt
Trời quang,1°C,47%,35.2 km/h,1013 mbar,0.3,,,,,,Tốt
Trời quang,27°C,76%,0 km/h,1009 mbar,13.1*,,,,,,Trung bình
Mưa,30°C,29%,18.8 km/h,1011 mbar,2.1,10.2,0.3,0,0,,Tốt
Mây rải rác,21°C,59%,18.5 km/h,1007 mbar,1,9,,,,,Tốt
Trời quang,27°C,55%,25.9 km/h,1009 mbar,2.1,,,,,,Tốt
Nhiều mây,24°C,44%,15 km/h,1006 mbar,2,,,,,,Tốt
Tuyết,-3°C,95%,11 km/h,1009 mbar,5,6,,,,,Tốt
Mưa,6°C,89%,4.8 km/h,997 mbar,0.4,,,,,,Tốt
Nhiều mây,-7°C,94%,9.1 km/h,1016 mbar,8,8.1,,,0.5,,Tốt
Mây rải rác,-5°C,100%,24.1 km/h,1020 mbar,3,6.3,,3,,,Tốt
Tuyết,-3°C,88%,18.5 km/h,1013 mbar,3.5,4,,4.7,1.3,,Tốt
Nhiều mây,23°C,73%,7.4 km/h,1015 mbar,3.9,8.5,,7.1,,,Tốt
Mây rải rác,0°C,35%,6.6 km/h,1014 mbar,6,,,,,,Tốt
Nhiều mây,22°C,78%,30.2 km/h,1009 mbar,4,,,0,0,,Tốt
Nhiều mây,27°C,76%,4.9 km/h,1009 mbar,10,,,,,,Tốt
Nhiều mây,1°C,81%,9.1 km/h,1010 mbar,6,8,,4,,0.2,Tốt
Nhiều mây,0°C,93%,3.7 km/h,1011 mbar,8.8,11.4,,,,,Tốt
Nhiều mây,-19°C,85%,7.4 km/h,1014 mbar,2.4,,,,,,Tốt
Trời quang,11°C,66%,1.6 km/h,1019 mbar,17.7,,,,,,Trung bình
Trời quang,0°C,57%,20.4 km/h,1022 mbar,1.6,,,,,,Tốt
Mưa,7°C,96%,5.5 km/h,1001 mbar,8.3,,,,,,Tốt
Nhiều mây,10°C,92%,1.6 km/h,1002 mbar,6.9,,,,,,Tốt
Trời quang,0°C,56%,20.4 km/h,1023 mbar,0.5,,,,,,Tốt
Trời quang,22°C,74%,5.5 km/h,1019 mbar,12.6,,,,,,Trung bình
Trời quang,21°C,82%,0 km/h,1019 mbar,17.6,,,,,,Trung bình
Mây rải rác,26°C,71%,14.8 km/h,1014 mbar,0.7,,,,,,Tốt
Nhiều mây,3°C,82%,11.5 km/h,1028 mbar,4.4,,,,,,Tốt
Sương mù,0°C,100%,0 km/h,1020 mbar,7.1*,,,,,,Tốt
Nhiều mây,9°C,70%,7.4 km/h,1022 mbar,5.1*,,,,,,Tốt
Nhiều mây,6°C,90%,16.7 km/h,998 mbar,1.7,,,,,,Tốt
Nhiều mây,0°C,77%,22.2 km/h,1028 mbar,5,,,,,,Tốt
Nhiều mây,5°C,87%,12.9 km/h,998 mbar,5.6,,,,,,Tốt
Sương mù,6°C,93%,0 km/h,995 mbar,4.5,,,,,,Tốt
Mưa,5°C,89%,5.3 km/h,997 mbar,14,,,,,,Trung bình
Mưa,5°C,90%,12.9 km/h,998 mbar,4.9,,,,,,Tốt
Nhiều mây,7°C,97%,5.5 km/h,996 mbar,2.3,,,,,,Tốt
Ít mây,27°C,59%,18.5 km/h,1014 mbar,1.3,,,,,,Tốt
Ít mây,20°C,83%,5.5 km/h,1019 mbar,5.1*,,,,,,Tốt
Trời quang,-6°C,58%,15.7 km/h,1035 mbar,3,,,0.4,,,Tốt
Nhiều mây,-27°C,94%,7.4 km/h,1027 mbar,9.6,,,,0,,Tốt
Nhiều mây,-4°C,79%,11.3 km/h,1030 mbar,2.1*,,,,,,Tốt
Nhiều mây,-5°C,86%,13 km/h,1018 mbar,,,,3.6,,,Tốt
Trời quang,23°C,73%,8.6 km/h,1014 mbar,10.3,,,,,,Tốt
Nhiều mây,1°C,62%,8.2 km/h,1013 mbar,6.5,7,,14.1,0,,Tốt
Nhiều mây,3°C,87%,3.7 km/h,1007 mbar,6,5,,1,5,,Tốt
Nhiều mây,1°C,88%,5.5 km/h,1008 mbar,2.7,3.9,,38.2,,,Tốt
Nhiều mây,1°C,92%,5.5 km/h,1014 mbar,9.8,14.7,,58.9,,,Tốt
Nhiều mây,1°C,94%,7.4 km/h,1011 mbar,1.2,1.6,,4.8,,,Tốt
Nhiều mây,1°C,92%,5.5 km/h,1007 mbar,5.7,7.7,,47.9,,,Tốt
Tuyết,1°C,93%,14.5 km/h,1011 mbar,8.9,11.1,,35.3,,,Tốt
Trời quang,2°C,44%,6.4 km/h,1019 mbar,13.4,,,,,,Trung bình
Sương mù,8°C,96%,5.5 km/h,1020 mbar,1.2,,,,,,Tốt
Trời quang,11°C,45%,6.4 km/h,1021 mbar,3.9,,,,,,Tốt
Nhiều mây,0°C,82%,6.4 km/h,1027 mbar,4.1,,,,,,Tốt
Nhiều mây,4°C,42%,9.7 km/h,1016 mbar,4.4,,,30.8,,,Tốt
Mưa,6°C,92%,5.8 km/h,995 mbar,3,,,,,,Tốt
Nhiều mây,5°C,85%,8.1 km/h,996 mbar,1.1,,,,,,Tốt
Mưa,5°C,92%,1.6 km/h,997 mbar,2.7,,,,,,Tốt
Nhiều mây,5°C,90%,6.4 km/h,997 mbar,3.4,,,,,,Tốt
Nhiều mây,5°C,88%,9.3 km/h,998 mbar,3.1,,,,,,Tốt
Nhiều mây,4°C,91%,5.1 km/h,997 mbar,1.4,,,,,,Tốt
Mây rải rác,20°C,53%,12.7 km/h,1007 mbar,9.2,,,,,,Tốt
Nhiều mây,27°C,59%,12.9 km/h,1014 mbar,7.8,15.4,58,,,,Tốt
Nhiều mây,27°C,59%,12.9 km/h,1014 mbar,7.8,15.4,58,,,,Tốt
Nhiều mây,27°C,57%,12.9 km/h,1011 mbar,5.8,13.3,,1.9,,,Tốt
Mây rải rác,-4°C,95%,6.8 km/h,1013 mbar,9.9,4,,,,,Tốt
Trời quang,12°C,32%,14.8 km/h,1014 mbar,2.5,,,,,,Tốt
Trời quang,6°C,46%,11.3 km/h,1019 mbar,13.1,,,,,,Trung bình
Nhiều mây,6°C,83%,11.8 km/h,986 mbar,2.5,,,,,,Tốt
Nhiều mây,7°C,80%,16.7 km/h,995 mbar,1.9,,,,,,Tốt
Nhiều mây,6°C,95%,7.3 km/h,1000 mbar,3.4,,,,,,Tốt
Nhiều mây,5°C,91%,4.8 km/h,997 mbar,6.4,,,,,,Tốt
Nhiều mây,7°C,94%,14.8 km/h,997 mbar,3.2,,,,,,Tốt
Nhiều mây,6°C,91%,7.5 km/h,996 mbar,2.3,,,,,,Tốt
Nhiều mây,7°C,91%,11.1 km/h,996 mbar,2,,,,,,Tốt
Nhiều mây,5°C,91%,8.1 km/h,995 mbar,1.1,,,,,,Tốt
Nhiều mây,26°C,70%,6.4 km/h,1010 mbar,7.9,21.9,36,1.9,,,Tốt
Mưa,4°C,94%,7.8 km/h,998 mbar,11.5,,,,,,Tốt
Nhiều mây,4°C,94%,12.9 km/h,997 mbar,0,,,,,,Tốt
Nhiều mây,-4°C,53%,4.8 km/h,1031 mbar,5.6,,,2.6,,,Tốt
Mây rải rác,-3°C,78%,16.1 km/h,1028 mbar,2,,,,,,Tốt
Nhiều mây,-5°C,54%,6.4 km/h,1022 mbar,2,,60,1.1,,,Tốt
Mây rải rác,0°C,35%,8.4 km/h,1014 mbar,5,,,33.8,,,Tốt
Nhiều mây,25°C,91%,3.9 km/h,1012 mbar,2.4,,,,,,Tốt
Tuyết,1°C,98%,11.1 km/h,1012 mbar,0.9,1.1,,,,,Tốt
Nhiều mây,0°C,93%,3.7 km/h,1011 mbar,8.1,9.3,,29,,,Tốt
Nhiều mây,1°C,25%,7.4 km/h,1004 mbar,2.1*,,,,,,Tốt
Nhiều mây,3°C,99%,4.4 km/h,1001 mbar,0.6,,,,,,Tốt
Nhiều mây,0°C,82%,7.7 km/h,1026 mbar,9.2,,8.8,,,,Tốt
Mây rải rác,12°C,31%,24.1 km/h,1016 mbar,13,14,78,0,0,0,Trung bình
Nhiều mây,-2°C,50%,27.8 km/h,1030 mbar,2.7,,,,,,Tốt
Trời quang,2°C,64%,6.4 km/h,1016 mbar,8.1,,,,,,Tốt
Nhiều mây,6°C,90%,6.4 km/h,997 mbar,2.5,,,,,,Tốt
Trời quang,26°C,50%,17.4 km/h,1009 mbar,2.6,,,,,,Tốt
Trời quang,30°C,28%,11.8 km/h,1009 mbar,1.7,,,,,,Tốt
Mây rải rác,31°C,67%,17.2 km/h,1012 mbar,4.3,11.7,,,,,Tốt
Mưa,23°C,48%,19.5 km/h,1004 mbar,1,,,,,,Tốt
Trời quang,28°C,32%,50 km/h,1002 mbar,0.7,,,,,,Tốt
Ít mây,25°C,78%,13 km/h,1011 mbar,5.3,,,,,,Tốt
Nhiều mây,-10°C,85%,3.7 km/h,1004 mbar,10.3,,18,,2.6,,Tốt
Nhiều mây,4°C,94%,15.1 km/h,995 mbar,3.1,,,,,,Tốt
Mưa,7°C,90%,9.6 km/h,996 mbar,3.4,,,,,0,Tốt
Nhiều mây,-11°C,96%,10.7 km/h,1015 mbar,4.1*,,,,,,Tốt
Nhiều mây,-12°C,61%,25.7 km/h,1029 mbar,1.1*,,,,,,Tốt
Ít mây,-9°C,79%,3.7 km/h,1025 mbar,12.6,,,,,,Trung bình
Mưa,3°C,96%,5.1 km/h,1010 mbar,9,,,,,,Tốt
Mưa,4°C,98%,7.2 km/h,1009 mbar,9.8,11,,1,1,,Tốt
Nhiều mây,12°C,52%,7.4 km/h,1009 mbar,1,2,40,15,3.5,0.1,Tốt
Sương mù,-5°C,98%,5.5 km/h,1012 mbar,6,6.9,,,,,Tốt
Ít mây,1°C,88%,9.3 km/h,1011 mbar,4.7,15.1,63.9,13.6,,,Tốt
Nhiều mây,1°C,89%,5.5 km/h,1008 mbar,3.5,4.7,,,,,Tốt
Nhiều mây,0°C,93%,7.7 km/h,1012 mbar,1.4,5,,,,,Tốt
Nhiều mây,2°C,86%,22.5 km/h,1010 mbar,0.2,,,,,,Tốt
Mây rải rác,7°C,57%,16.7 km/h,1018 mbar,7,,,,,,Tốt
Nhiều mây,5°C,92%,14.8 km/h,997 mbar,5.1,,,,1,0.3,Tốt
Mưa,5°C,91%,9.3 km/h,998 mbar,2,,,,,,Tốt
Ít mây,27°C,60%,18.5 km/h,1014 mbar,3.1*,,,,,,Tốt
Mưa,12°C,15%,6.7 km/h,1008 mbar,1,2,,,,,Tốt
Nhiều mây,28°C,35%,27.8 km/h,997 mbar,0.3,,,,,,Tốt
Nhiều mây,29°C,33%,27.7 km/h,1002 mbar,1.4,,,,,,Tốt
Trời quang,-4°C,50%,11.8 km/h,1034 mbar,3.1,,,,,,Tốt
Sương mù,1°C,85%,24.1 km/h,1016 mbar,6.1,12.5,,2.2,0.1,0.2,Tốt
Nhiều mây,0°C,70%,21.3 km/h,1023 mbar,7.1*,,,,,,Tốt
Nhiều mây,-1°C,86%,12.9 km/h,1021 mbar,3,,,,,,Tốt
Sương mù,-10°C,88%,14.8 km/h,1013 mbar,5.1,5.9,52.1,3,0.2,195,Tốt
Tuyết,-3°C,87%,18.5 km/h,1013 mbar,3.1,4.2,54.8,5.5,0.4,,Tốt
Nhiều mây,-3°C,86%,4.9 km/h,1011 mbar,10,17,,,,,Tốt
Tuyết,1°C,94%,11.8 km/h,1009 mbar,16.7,20.2,,,,,Trung bình
Nhiều mây,2°C,98%,9.3 km/h,1016 mbar,4,,,,,,Tốt
Trời quang,20°C,73%,16.7 km/h,1016 mbar,0.9,,,,,,Tốt
Trời quang,18°C,33%,0 km/h,1015 mbar,13,,,,,,Trung bình
Nhiều mây,20°C,68%,4.8 km/h,1013 mbar,5.4,,,,,,Tốt
Tuyết,-3°C,85%,7.4 km/h,1010 mbar,11.1,13.6,,25.4,,,Tốt
Nhiều mây,-14°C,96%,5.6 km/h,1019 mbar,6.7,7.7,,16.6,,,Tốt
Mây rải rác,-4°C,92%,19.5 km/h,1014 mbar,2,3,43,9,,,Tốt
Trời quang,10°C,56%,0 km/h,1018 mbar,3.1,29,42,,,,Tốt
Trời quang,10°C,56%,0 km/h,1018 mbar,3.1,29,42,,,,Tốt
Nhiều mây,9°C,89%,3.2 km/h,1004 mbar,1.8,,,,,,Tốt
Mưa,11°C,87%,24.1 km/h,1007 mbar,0.3,,,,,,Tốt
Mưa,9°C,94%,1.6 km/h,1002 mbar,4.4,,,,,,Tốt
Nhiều mây,7°C,61%,4.8 km/h,1012 mbar,6.1,,,,,,Tốt
Ít mây,18°C,54%,13 km/h,1026 mbar,,,54,,,,Tốt
Trời quang,-6°C,69%,17.7 km/h,1034 mbar,0.7,,,,,,Tốt
Nhiều mây,-2°C,92%,4.1 km/h,1019 mbar,1.9,,,,,,Tốt
Ít mây,9°C,66%,3.9 km/h,1011 mbar,3,3.4,,,,,Tốt
Nhiều mây,-4°C,73%,3.2 km/h,1030 mbar,3.6,6,,,,,Tốt
Nhiều mây,5°C,92%,3.2 km/h,997 mbar,0.8,,,,,,Tốt
Mưa,9°C,82%,12.2 km/h,1002 mbar,0.7,,,,,,Tốt
Nhiều mây,6°C,93%,11.1 km/h,997 mbar,1.2,,,,,,Tốt
Nhiều mây,5°C,92%,14.8 km/h,996 mbar,5.9,,,,,,Tốt
Nhiều mây,-2°C,100%,0 km/h,1019 mbar,5.3,,,,,,Tốt
Trời quang,30°C,62%,20.4 km/h,1011 mbar,2.4,6.8,,3.8,,,Tốt
Tuyết,-18°C,95%,10.7 km/h,1024 mbar,2.1,7.1,,2.4,0.5,,Tốt
Nhiều mây,5°C,96%,14.8 km/h,997 mbar,0.8,,44.9,,0.9,,Tốt
Trời quang,-8°C,68%,5.7 km/h,1037 mbar,2.4,,,,,,Tốt
Mây rải rác,-2°C,77%,13.1 km/h,1012 mbar,2,,,,,,Tốt
Nhiều mây,14°C,65%,27 km/h,1014 mbar,8.5,15,,7.5,5.2,,Tốt
Tuyết,-2°C,84%,7.4 km/h,1010 mbar,37.2,40.5,,,,,Không lành mạnh cho các nhóm nhạy cảm
Mưa,11°C,100%,11.3 km/h,999 mbar,2.1*,,,,,,Tốt
Nhiều mây,1°C,95%,6.1 km/h,1016 mbar,10.3,16.6,,75,,,Tốt
Nhiều mây,13°C,95%,37 km/h,1013 mbar,0.8,,,,,,Tốt
Nhiều mây,0°C,83%,21.4 km/h,1003 mbar,9.1,,,,,,Tốt
Nhiều mây,0°C,96%,4.8 km/h,1010 mbar,14.6,18,,,,,Trung bình
Nhiều mây,-16°C,87%,3.8 km/h,1024 mbar,9,16,32,21,6,,Tốt
Mưa,2°C,87%,24.1 km/h,996 mbar,4.1,5.2,20.3,12.4,5.1,,Tốt
Nhiều mây,13°C,95%,18.8 km/h,1017 mbar,5.6,,,,,,Tốt
Trời quang,3°C,49%,3.5 km/h,1023 mbar,30,40,,,5.2,,Trung bình
Nhiều mây,3°C,73%,1.6 km/h,1010 mbar,25.6,,,,,,Trung bình
Mưa,23°C,93%,4.5 km/h,1011 mbar,8.1*,,,,,,Tốt
Mưa,7°C,96%,14.8 km/h,1004 mbar,1.1,,,,,,Tốt
Nhiều mây,13°C,75%,7.4 km/h,1017 mbar,7.1*,,,,,,Tốt
Nhiều mây,14°C,84%,13 km/h,1017 mbar,1,,,,,,Tốt
Nhiều mây,11°C,87%,29.6 km/h,1001 mbar,0.8,,,,,,Tốt
Nhiều mây,12°C,85%,11.3 km/h,1005 mbar,0,,,,,,Tốt
Mây rải rác,13°C,84%,5.5 km/h,1017 mbar,4.1,,,,,,Tốt
Mưa,0°C,95%,14.8 km/h,1003 mbar,6.3,,,,,,Tốt
Mây rải rác,0°C,86%,5.4 km/h,1020 mbar,18.5,,,,,,Trung bình
Mây rải rác,4°C,85%,7.4 km/h,1021 mbar,22,,,,,,Trung bình
Tuyết,0°C,97%,3 km/h,1010 mbar,12.2,,,,,,Trung bình
Nhiều mây,2°C,89%,11 km/h,999 mbar,0.5,,,,,,Tốt
Nhiều mây,0°C,86%,16.7 km/h,1011 mbar,17.9,22,,,,,Trung bình
Nhiều mây,19°C,71%,16.3 km/h,1019 mbar,39,64.5,42.5,21,8.5,750,Không lành mạnh cho các nhóm nhạy cảm
Nhiều mây,1°C,90%,11.1 km/h,1011 mbar,13.1*,,,,,,Trung bình
Mưa,2°C,99%,14.8 km/h,998 mbar,20.8,13.2,18.1,,3.6,,Trung bình
Tuyết,1°C,96%,32.8 km/h,996 mbar,14.7,15.5,13.4,,2.7,,Trung bình
Nhiều mây,12°C,94%,10.2 km/h,994 mbar,4,,,,,,Tốt
Ít mây,17°C,35%,1 km/h,1015 mbar,31,,,,,,Trung bình
Nhiều mây,-2°C,92%,3.2 km/h,1009 mbar,11.4,18.9,,,,,Tốt
Nhiều mây,4°C,96%,1.6 km/h,986 mbar,,,4.9,11.1,6.6,,Tốt
Trời quang,3°C,47%,7.3 km/h,1023 mbar,16.1*,,,,,,Trung bình
Trời quang,7°C,46%,16 km/h,1022 mbar,13.1*,,,,,,Trung bình
Nhiều mây,13°C,82%,14.8 km/h,1020 mbar,1.3,,,,,,Tốt
Mưa,13°C,87%,25.9 km/h,1005 mbar,15.2,,,,,,Trung bình
Nhiều mây,13°C,80%,8.1 km/h,1017 mbar,,,56,24.4,,0,Tốt
Trời quang,0°C,49%,0 km/h,1017 mbar,4.1*,,,,,,Tốt
Mưa rào,3°C,93%,9.3 km/h,1021 mbar,22.1*,,,,,,Trung bình
Nhiều mây,4°C,73%,7.4 km/h,1026 mbar,8.1*,,,,,,Tốt
Nhiều mây,9°C,72%,7.4 km/h,1026 mbar,9.9,,,,,,Tốt
Mây rải rác,4°C,80%,7.4 km/h,1021 mbar,20.1,,,,,,Trung bình
Nhiều mây,3°C,63%,1.6 km/h,1027 mbar,14,,,,,,Trung bình
Nhiều mây,2°C,63%,9.3 km/h,1026 mbar,7.4,,,,,,Tốt
Mây rải rác,4°C,77%,7.4 km/h,1034 mbar,30.8,,,,,,Trung bình
Nhiều mây,4°C,54%,18.5 km/h,1010 mbar,3.7,,,,,,Tốt
Nhiều mây,-5°C,100%,8.5 km/h,1009 mbar,6.5,,,,,,Tốt
Trời quang,17°C,67%,14 km/h,1018 mbar,7,28,22,3,,,Tốt
Nhiều mây,0°C,93%,9.6 km/h,1006 mbar,27,32,,,,,Trung bình
Mây rải rác,-6°C,94%,1.8 km/h,1010 mbar,38.4,,,,,,Không lành mạnh cho các nhóm nhạy cảm
Nhiều mây,13°C,91%,1.6 km/h,997 mbar,2.1*,,,,,,Tốt
Nhiều mây,11°C,58%,13.5 km/h,1013 mbar,29,,,11.3,,343.5,Trung bình
Nhiều mây,9°C,92%,4.7 km/h,997 mbar,19,34.7,,,,,Trung bình
Giông bão,25°C,90%,20.4 km/h,1010 mbar,5.5,17,0,23,5,,Tốt
Nhiều mây,2°C,80%,42.6 km/h,1001 mbar,41,,,,,,Không lành mạnh cho các nhóm nhạy cảm
Trời quang,4°C,51%,3.5 km/h,1023 mbar,38,48,20,,,,Không lành mạnh cho các nhóm nhạy cảm
Nhiều mây,13°C,77%,4.9 km/h,1012 mbar,7.8,,44,10,3,0.6,Tốt
Mưa,5°C,96%,11.3 km/h,1004 mbar,5.5,,,,,,Tốt
Nhiều mây,12°C,81%,13 km/h,1016 mbar,7.9,,,,,,Tốt
Nhiều mây,5°C,100%,9.4 km/h,1003 mbar,1.8,,,,,,Tốt
Mưa,12°C,96%,24.2 km/h,1006 mbar,0.8,,,,,,Tốt
Trời quang,12°C,76%,7.4 km/h,1018 mbar,6.1,,,,,,Tốt
Mưa,12°C,96%,11.1 km/h,1005 mbar,2.1*,,,,,,Tốt
Nhiều mây,10°C,94%,9.1 km/h,1022 mbar,10,,,,,,Tốt
Mưa,11°C,93%,14.8 km/h,1023 mbar,18.1,,,,,,Trung bình
Nhiều mây,1°C,90%,13 km/h,1022 mbar,8.1*,,,,,,Tốt
Trời quang,-6°C,63%,11.1 km/h,1033 mbar,3.5,,,,,,Tốt
Nhiều mây,3°C,89%,0 km/h,1020 mbar,19.3,,,,,,Trung bình
Nhiều mây,0°C,76%,16.7 km/h,1028 mbar,14.7,,,,,,Trung bình
Nhiều mây,4°C,76%,1.6 km/h,1019 mbar,16.1*,,,,,,Trung bình
Mây rải rác,24°C,62%,3.5 km/h,1012 mbar,27,38,8.5,51,7,,Trung bình
Nhiều mây,10°C,94%,5 km/h,1018 mbar,43.2,,,,,,Không lành mạnh cho các nhóm nhạy cảm
Sương mù,-1°C,95%,11.1 km/h,1012 mbar,26,35.6,20.2,44,,,Trung bình
Trời quang,1°C,62%,31.5 km/h,1007 mbar,23.5,,,,,,Trung bình
Nhiều mây,16°C,93%,19.3 km/h,999 mbar,6.1*,,,,,,Tốt
Nhiều mây,26°C,79%,2.8 km/h,1009 mbar,31.2*,,,,,,Trung bình
Nhiều mây,-4°C,94%,13.9 km/h,1010 mbar,12.8,,,,,,Trung bình
Trời quang,4°C,49%,2.8 km/h,1023 mbar,30,38,,,2.6,,Trung bình
Mây rải rác,19°C,83%,67.3 km/h,1015 mbar,16,27,,9.4,0.5,,Trung bình
Mưa,24°C,89%,12 km/h,1011 mbar,6.1*,,,,,,Tốt
Nhiều mây,11°C,92%,33.3 km/h,1002 mbar,3.5,,,,,,Tốt
Nhiều mây,12°C,76%,5.8 km/h,1015 mbar,7,,,,,,Tốt
Nhiều mây,11°C,93%,20.4 km/h,1004 mbar,2.1,,,,,,Tốt
Sương mù,10°C,95%,18.5 km/h,1003 mbar,24,,,,,,Trung bình
Ít mây,13°C,81%,9.3 km/h,1020 mbar,1.4,,,,,,Tốt
Sương mù,6°C,95%,25.9 km/h,1005 mbar,3.9,,,,,,Tốt
Sương mù,9°C,96%,16.7 km/h,1003 mbar,1.6,,,,,,Tốt
Tuyết,0°C,100%,29.8 km/h,1005 mbar,0.7,,,,,,Tốt
Sương mù,5°C,90%,0 km/h,1022 mbar,36.9,,,,,,Không lành mạnh cho các nhóm nhạy cảm
Trời quang,0°C,77%,11.1 km/h,1022 mbar,10.5,,,,,,Tốt
Nhiều mây,2°C,83%,13 km/h,1004 mbar,14.8,,,,,,Trung bình
Nhiều mây,-1°C,80%,5.5 km/h,1003 mbar,0.9,,,,,,Tốt
Nhiều mây,1°C,76%,9.3 km/h,1027 mbar,18.1,,,,,,Trung bình
Mây rải rác,4°C,85%,7.4 km/h,1021 mbar,15.8,,,,,,Trung bình
Nhiều mây,3°C,69%,5.5 km/h,1025 mbar,6.1*,,,,,,Tốt
Nhiều mây,12°C,92%,11.1 km/h,1020 mbar,9.1*,,,,,,Tốt
Mưa,12°C,94%,16.7 km/h,1019 mbar,7.1*,,,,,,Tốt
Trời quang,25°C,68%,20.5 km/h,1009 mbar,7.1*,,,,,,Tốt
Nhiều mây,15°C,82%,19.3 km/h,1002 mbar,10.3,,,,,,Tốt
Tuyết,-14°C,85%,14.4 km/h,1039 mbar,11.6,13.6,,28.8,6.2,78,Tốt
Nhiều mây,27°C,91%,6.8 km/h,1009 mbar,7.9,,,,,,Tốt
Nhiều mây,7°C,69%,28.6 km/h,1023 mbar,26,43.5,66,16.9,5.2,572.5,Trung bình
Trời quang,6°C,47%,16.7 km/h,1023 mbar,14.1*,,,,,,Trung bình
Trời quang,7°C,44%,22.2 km/h,1022 mbar,11.1*,,,,,,Tốt
Nhiều mây,6°C,66%,29.2 km/h,1024 mbar,10.1*,,,,,,Tốt
Nhiều mây,-5°C,98%,1.2 km/h,1014 mbar,1.4,,,,,,Tốt
Nhiều mây,16°C,66%,39.6 km/h,1002 mbar,17.4,60.5,0,9.4,,,Trung bình
Nhiều mây,11°C,82%,25.9 km/h,1000 mbar,0.8,,,,,,Tốt
Sương mù,12°C,94%,11.1 km/h,1004 mbar,12.5,,,,,,Trung bình
Mây rải rác,13°C,83%,5.5 km/h,1017 mbar,5.5,,,,,,Tốt
Sương mù,3°C,93%,8.1 km/h,1021 mbar,24.1*,,,,,,Trung bình
Sương mù,5°C,90%,1.6 km/h,1021 mbar,39.8,,,,,,Không lành mạnh cho các nhóm nhạy cảm
Nhiều mây,4°C,84%,13 km/h,1023 mbar,19.1*,,,,,,Trung bình
Trời quang,23°C,84%,18.5 km/h,1013 mbar,8.1,,,,,,Tốt
Sương mù,-3°C,100%,0 km/h,1002 mbar,8.4,,,,,,Tốt
Nhiều mây,-2°C,85%,10.4 km/h,1006 mbar,0,,,,,,Tốt
Mây rải rác,-4°C,93%,4.6 km/h,1013 mbar,24.3,,,,,,Trung bình
Ít mây,28°C,69%,7.4 km/h,1010 mbar,11,11.8,,,,,Tốt
Trời quang,12°C,87%,9.3 km/h,997 mbar,17.2,32.5,48.3,15.4,,0.5,Trung bình
Mây rải rác,11°C,40%,16.8 km/h,1013 mbar,11,,,,,,Tốt
Nhiều mây,12°C,95%,10.4 km/h,994 mbar,1,,,,,,Tốt
Nhiều mây,26°C,85%,4.5 km/h,1011 mbar,10.6,,,,,,Tốt
Ít mây,-24°C,96%,3.5 km/h,1027 mbar,1.1*,,,,,,Tốt
Trời quang,6°C,43%,15.2 km/h,1021 mbar,7,13,,5.6,5.2,,Tốt
Trời quang,7°C,48%,16.4 km/h,1021 mbar,11.1*,,,,,,Tốt
Nhiều mây,16°C,89%,16.7 km/h,1022 mbar,3.5,,,,,,Tốt
Nhiều mây,17°C,85%,32.5 km/h,1020 mbar,5,20,,5.6,2.6,,Tốt
Mưa,17°C,98%,8 km/h,1019 mbar,9.5,,,,,,Tốt
Trời quang,12°C,79%,0 km/h,1017 mbar,4.1,,,,,,Tốt
Mây rải rác,13°C,85%,5.5 km/h,1018 mbar,2.1,,,,,,Tốt
Nhiều mây,11°C,95%,1.6 km/h,1003 mbar,2.2,,,,,,Tốt
Nhiều mây,11°C,84%,18.5 km/h,1009 mbar,2.9,,,,,,Tốt
Mưa,1°C,94%,14.8 km/h,1004 mbar,4.1*,,,,,,Tốt
Mưa,2°C,91%,16.7 km/h,1001 mbar,0.3,,48,,,,Tốt
Nhiều mây,8°C,75%,1.6 km/h,1023 mbar,9.1*,,,,,,Tốt
Nhiều mây,3°C,85%,11.1 km/h,1020 mbar,16.1*,,,,,,Trung bình
Nhiều mây,3°C,63%,1.6 km/h,1027 mbar,10.3,,,,,,Tốt
Nhiều mây,4°C,85%,0 km/h,1020 mbar,22.4,,,,,,Trung bình
Sương mù,2°C,95%,0 km/h,1020 mbar,10.1*,,,,,,Tốt
Mây rải rác,15°C,70%,6.4 km/h,1022 mbar,15.5,23,33,9.5,3,700,Trung bình
Nhiều mây,-1°C,85%,13.6 km/h,1009 mbar,28,18,,,,,Trung bình
Tuyết,-1°C,93%,7.9 km/h,1008 mbar,18,21,,,3.7,,Trung bình
Trời quang,-1°C,93%,9.7 km/h,1012 mbar,14.1*,,,,,,Trung bình
Sương mù,-4°C,93%,7.4 km/h,1010 mbar,22.2,,100.8,,,0,Trung bình
Nhiều mây,1°C,95%,14.8 km/h,1010 mbar,27.2*,,,,,,Trung bình
Tuyết,0°C,93%,10.4 km/h,1009 mbar,29,,,,,,Trung bình
Nhiều mây,-4°C,91%,10.8 km/h,1010 mbar,12.7,,,,,,Trung bình
Mây rải rác,-4°C,85%,3.2 km/h,1011 mbar,20.6,18.8,,,3,,Trung bình
Mưa,2°C,72%,41.2 km/h,1000 mbar,7.1*,,,,,,Tốt
Trời quang,8°C,45%,20.3 km/h,1021 mbar,10.1*,,,,,,Tốt
Nhiều mây,-6°C,91%,12.2 km/h,1013 mbar,20,,,,,,Trung bình
Mây rải rác,13°C,84%,11.1 km/h,1017 mbar,3,30,68,,,0,Tốt
Nhiều mây,13°C,77%,7.4 km/h,1017 mbar,7.1*,,,,,,Tốt
Nhiều mây,14°C,85%,13 km/h,1017 mbar,2.7,,,,,,Tốt
Mưa,9°C,92%,19.9 km/h,1010 mbar,0.2,,,,,,Tốt
Nhiều mây,14°C,84%,13 km/h,1017 mbar,1.3,,,,,,Tốt
Trời quang,13°C,88%,5.5 km/h,1017 mbar,0.4,,,,,,Tốt
Trời quang,13°C,88%,5.5 km/h,1017 mbar,0.4,,,,,,Tốt
Trời quang,13°C,82%,3.2 km/h,1017 mbar,3.1,,,,,,Tốt
Nhiều mây,7°C,97%,11.7 km/h,1013 mbar,0,,,,,,Tốt
Nhiều mây,10°C,97%,7.4 km/h,1024 mbar,7.7,,,,,,Tốt
Mưa rào,3°C,92%,9.3 km/h,1021 mbar,28.7,,,,,,Trung bình
Sương mù,3°C,95%,7.4 km/h,1020 mbar,0,,,,,,Tốt
Sương mù,3°C,90%,0 km/h,1020 mbar,26.6,,,,,,Trung bình
Nhiều mây,-1°C,95%,4.8 km/h,1011 mbar,7.1,,,,,,Tốt
Nhiều mây,-8°C,87%,5.5 km/h,1016 mbar,1.7,,,,,,Tốt
Nhiều mây,9°C,90%,1.6 km/h,1024 mbar,10.1*,,,,,,Tốt
Sương mù,2°C,92%,9.3 km/h,1021 mbar,34.7,,,,,,Trung bình
Nhiều mây,8°C,87%,9.3 km/h,1022 mbar,6.1*,,,,,,Tốt
Nhiều mây,5°C,87%,4.4 km/h,997 mbar,1.6,,,,,,Tốt
Mây rải rác,4°C,85%,7.4 km/h,1022 mbar,17.2,,,,,,Trung bình
Nhiều mây,2°C,89%,10 km/h,999 mbar,0.9,,,,,,Tốt
Mưa rào,1°C,97%,5.5 km/h,1020 mbar,26.2*,,,,,,Trung bình
Tuyết,1°C,91%,4.4 km/h,1000 mbar,7,8,,,,,Tốt
Nhiều mây,0°C,93%,9.6 km/h,1010 mbar,19,19.5,,,,,Trung bình
Nhiều mây,25°C,77%,4.6 km/h,1010 mbar,6.1*,,,,,,Tốt
Ít mây,23°C,68%,2.3 km/h,1011 mbar,14,28,,20,,,Trung bình
Nhiều mây,20°C,62%,20.4 km/h,1019 mbar,17,37,78,9,6,800,Trung bình
Nhiều mây,-1°C,89%,7.4 km/h,1011 mbar,13.1*,,,,,,Trung bình
Ít mây,-4°C,93%,3.7 km/h,1012 mbar,8.8,12,54.1,7,,,Tốt
Mưa,2°C,95%,38 km/h,998 mbar,6.1*,,,,,,Tốt
Mây rải rác,14°C,86%,16.7 km/h,999 mbar,2.1*,,,,,,Tốt
Nhiều mây,13°C,92%,1.6 km/h,997 mbar,2.1*,,,,,,Tốt
Nhiều mây,4°C,81%,8.8 km/h,1003 mbar,22.3,23.9,2.6,33.7,3.4,,Trung bình
Nhiều mây,12°C,63%,22.4 km/h,1017 mbar,10,9,,7.5,0,,Tốt
Nhiều mây,13°C,96%,8.2 km/h,995 mbar,0,,,,,,Tốt
Trời quang,21°C,65%,4.6 km/h,1016 mbar,44.5,,,,,,Không lành mạnh cho các nhóm nhạy cảm
Nhiều mây,-9°C,40%,22.8 km/h,1028 mbar,1.1*,,,,,,Tốt
Nhiều mây,10°C,93%,0 km/h,996 mbar,5.1*,,,,,,Tốt
Nhiều mây,29°C,71%,6.8 km/h,1013 mbar,35,,,,,,Trung bình
Nhiều mây,11°C,94%,20.4 km/h,1003 mbar,3.8,,,,,,Tốt
Nhiều mây,11°C,93%,9.3 km/h,1004 mbar,1.7,,,,,,Tốt
Nhiều mây,14°C,84%,13 km/h,1017 mbar,0.8,,,,,,Tốt
Mưa rào,11°C,87%,11.1 km/h,1023 mbar,17,,,,,,Trung bình
Nhiều mây,10°C,93%,7.4 km/h,1024 mbar,18.1,,,,,,Trung bình
Nhiều mây,4°C,95%,1.6 km/h,1013 mbar,30.2,,,,,,Trung bình
Nhiều mây,0°C,86%,0 km/h,1016 mbar,20.8,,,,,,Trung bình
